HEI Course Code,INSTITUTION and COURSE,EOS,Mid,,
"Athlone Institute of Technology",AL801,Software Design with Virtual Reality and Gaming,304,328
"Athlone Institute of Technology",AL802,Software Design with Cloud Computing,301,306
"Athlone Institute of Technology",AL803,Software Design with Mobile Apps and Connected Devices,309,337
"Athlone Institute of Technology",AL805,Network Management and Cloud Infrastructure,329,442
"Athlone Institute of Technology",AL810,Quantity Surveying,307,349
"Athlone Institute of Technology",AL820,Mechanical and Polymer Engineering,300,358
"Athlone Institute of Technology",AL830,General Nursing,410,429
"Athlone Institute of Technology",AL832,Psychiatric Nursing,387,403
"Athlone Institute of Technology",AL836,Nutrition and Health Science,352,383
"Athlone Institute of Technology",AL837,Sports Science with Exercise Physiology,351,392
"Athlone Institute of Technology",AL838,Biotechnology,302,372
"Athlone Institute of Technology",AL839,Microbiology,322,371
"Athlone Institute of Technology",AL840,Pharmaceutical Sciences,328,411
"Athlone Institute of Technology",AL841,Athletic and Rehabilitation Therapy,423,430
"Athlone Institute of Technology",AL842,Bioveterinary Science,310,366
"Athlone Institute of Technology",AL843,Physical Activity and Health Science,310,330
"Athlone Institute of Technology",AL850,Business,307,356
"Athlone Institute of Technology",AL851,Business and Law,301,341
"Athlone Institute of Technology",AL852,Accounting (with optional placement),290,346
"Athlone Institute of Technology",AL853,Accounting and Law,305,320
"Athlone Institute of Technology",AL855,Hospitality Management (with International placement),312,357
"Athlone Institute of Technology",AL857,Digital Marketing,300,360
"Athlone Institute of Technology",AL860,Social Care Practice,309,338
"Athlone Institute of Technology",AL861,Animation and Illustration (portfolio),#615,899
"Athlone Institute of Technology",AL863,Graphic and Digital Design (portfolio),#703,898
"Athlone Institute of Technology",AL864,Early Years Care and Education,307,348
"Athlone Institute of Technology",AL870,Applied Psychology,409,445
"Institute of Technology, Carlow",CW018,Business (options, Wexford),327,349
"Institute of Technology, Carlow",CW028,Early Childhood Education and Care (Wexford),252,308
"Institute of Technology, Carlow",CW038,Art (portfolio, Wexford),#700,700
"Institute of Technology, Carlow",CW058,Tourism and Event Management (Wexford),252,262
"Institute of Technology, Carlow",CW068,Applied Social Studies - Professional Social Care (Wexford),251,280
"Institute of Technology, Carlow",CW078,Sustainable Farm Management and Agribusiness (Wexford),266,320
"Institute of Technology, Carlow",CW088,Visual Communications and Design (Wexford),309,345
"Institute of Technology, Carlow",CW108,Science (options),261,326
"Institute of Technology, Carlow",CW128,Brewing and Distilling,271,298
"Institute of Technology, Carlow",CW178,Sport Science (options),399,424
"Institute of Technology, Carlow",CW188,Sport Rehabilitation and Athletic Therapy,454,473
"Institute of Technology, Carlow",CW208,Computer Games Development,281,338
"Institute of Technology, Carlow",CW238,Software Development,300,343
"Institute of Technology, Carlow",CW248,Information Technology Management,307,357
"Institute of Technology, Carlow",CW258,Cybercrime and IT Security,300,328
"Institute of Technology, Carlow",CW268,Computing in Interactive Digital Art and Design,274,321
"Institute of Technology, Carlow",CW438,Construction (options),271,308
"Institute of Technology, Carlow",CW468,Architectural Technology,252,290
"Institute of Technology, Carlow",CW478,Civil Engineering,348,383
"Institute of Technology, Carlow",CW548,Mechanical Engineering,310,351
"Institute of Technology, Carlow",CW558,Electronic Systems,279,338
"Institute of Technology, Carlow",CW568,Aerospace Engineering,366,422
"Institute of Technology, Carlow",CW578,TV and Media Production,327,361
"Institute of Technology, Carlow",CW708,Law - LLB,298,328
"Institute of Technology, Carlow",CW728,Product Design Innovation,286,355
"Institute of Technology, Carlow",CW748,Early Childhood Education and Care,265,338
"Institute of Technology, Carlow",CW758,Applied Social Studies - Professional Social Care,290,319
"Institute of Technology, Carlow",CW808,Media and Public Relations,248,307
"Institute of Technology, Carlow",CW848,Digital Marketing with Analytics,279,307
"Institute of Technology, Carlow",CW858,Sports Management and Coaching (options, portfolio),#700,700
"Institute of Technology, Carlow",CW908,Business (options),260,307
"Institute of Technology, Carlow",CW938,Business with Law,270,288
"Institute of Technology, Carlow",CW948,Accounting,301,408
"Carlow College, St. Patrick's",PC405,Social, Political and Community Studies,251,296
"Carlow College, St. Patrick's",PC410,Arts and Humanities (fulfils Teaching Council requirements),203,289
"Carlow College, St. Patrick's",PC411,English and History (fulfils Teaching Council requirements),168,289 ,
"Cork Institute of Technology",CR105,Chemical and Biopharmaceutical Engineering,432,498
"Cork Institute of Technology",CR106,Software Development,351,393
"Cork Institute of Technology",CR108,Mechanical Engineering,425,487
"Cork Institute of Technology",CR109,Structural Engineering,341,467
"Cork Institute of Technology",CR110,Automotive Business Management and Technology,318,347
"Cork Institute of Technology",CR112,Creative Digital Media,335,389
"Cork Institute of Technology",CR116,Computer Systems,318,381
"Cork Institute of Technology",CR121,Music at CIT Cork School of Music,#633,1052
"Cork Institute of Technology",CR125,Popular Music: Electric Bass Guitar at CIT Cork School of Music,#972,1021
"Cork Institute of Technology",CR126,Popular Music: Drums at CIT Cork School of Music,#878,1043
"Cork Institute of Technology",CR127,Popular Music: Electric Guitar at CIT Cork School of Music,#584,761
"Cork Institute of Technology",CR128,Popular Music: Keyboards at CIT Cork School of Music,#839,1009
"Cork Institute of Technology",CR129,Popular Music: Voice at CIT Cork School of Music,#857,927
"Cork Institute of Technology",CR130,Musical Theatre,#500,600
"Cork Institute of Technology",CR150,Business Information Systems,326,371
"Cork Institute of Technology",CR210,Contemporary Applied Art (Ceramics, Glass, Textiles) at CIT Crawford,#979,979
"Cork Institute of Technology",CR220,Fine Art at CIT Crawford College of Art and Design,#620,819
"Cork Institute of Technology",CR225,Photography with New Media,#920,920
"Cork Institute of Technology",CR305,Physical Sciences (Common Entry),279,309
"Cork Institute of Technology",CR310,IT Management,282,317
"Cork Institute of Technology",CR320,Biomedical Science (Offered jointly by CIT and UCC),546,556
"Cork Institute of Technology",CR325,Pharmaceutical Biotechnology,388,422
"Cork Institute of Technology",CR333,Nutrition and Health Science,360,393
"Cork Institute of Technology",CR335,Biological Sciences (Common Entry),381,419
"Cork Institute of Technology",CR340,Analytical Chemistry with Quality Assurance,288,315
"Cork Institute of Technology",CR360,Instrument Engineering,291,329
"Cork Institute of Technology",CR365,Environmental Science and Sustainable Technology,334,362
"Cork Institute of Technology",CR370,Agri-Biosciences,408,431
"Cork Institute of Technology",CR400,Accounting,316,389
"Cork Institute of Technology",CR420,Marketing,288,329
"Cork Institute of Technology",CR425,International Business with Language,300,392
"Cork Institute of Technology",CR500,Engineering (Common Entry),381,424
"Cork Institute of Technology",CR510,Sustainable Energy Engineering,319,343
"Cork Institute of Technology",CR520,Biomedical Engineering,434,477
"Cork Institute of Technology",CR560,Architectural Technology,288,332
"Cork Institute of Technology",CR565,Interior Architecture,336,390
"Cork Institute of Technology",CR570,Quantity Surveying,279,342
"Cork Institute of Technology",CR572,Construction Management,253,300
"Cork Institute of Technology",CR580,Electrical Engineering,344,374
"Cork Institute of Technology",CR590,Electronic Engineering,342,411
"Cork Institute of Technology",CR600,Visual Communications,#587,888
"Cork Institute of Technology",CR660,Tourism Management,249,290
"Cork Institute of Technology",CR700,Theatre and Drama Studies at CIT Cork School of Music,#768,906 ,
"University College Cork (NUI)",CK101,Arts - 3 years,300,368
"University College Cork (NUI)",CK102,Social Science,391,431
"University College Cork (NUI)",CK104,Arts with Music - 3 or 4 years (BMus or Chinese/European/Int'l Pathway),#340,409
"University College Cork (NUI)",CK105,Film and Screen Media - 3 years or 4 years (International Pathway),397,442
"University College Cork (NUI)",CK107,Geographical and Archaeological Sciences - 3 or 4 years (Int'l Pathway),326,388
"University College Cork (NUI)",CK108,Arts International - 4 years,429,466
"University College Cork (NUI)",CK109,English - 3 years or 4 years (International Pathway),347,423
"University College Cork (NUI)",CK110,World Languages,456,506
"University College Cork (NUI)",CK111,Early Years and Childhood Studies,398,429
"University College Cork (NUI)",CK112,Theatre and Performative Practices - 3 or 4 years (Int'l Pathway),#324,470
"University College Cork (NUI)",CK113,Criminology - 3 years or 4 years (International Pathway),408,430
"University College Cork (NUI)",CK114,Social Science (Youth and Community Work) - 3 years,#,
"University College Cork (NUI)",CK115,Social Work - Mature Applicants only,#,
"University College Cork (NUI)",CK116,Sports Studies and Physical Education,499,520
"University College Cork (NUI)",CK118,Digital Humanities and IT - 3 or 4 years (Work Exper. or Int'l Pathway),307,361
"University College Cork (NUI)",CK120,Applied Psychology,506,532
"University College Cork (NUI)",CK121,Psychology and Computing - 3 or 4 years (Work Experience Pathway),393,466
"University College Cork (NUI)",CK122,Government and Political Science,355,410
"University College Cork (NUI)",CK201,Commerce,465*,489
"University College Cork (NUI)",CK202,Accounting,467,506
"University College Cork (NUI)",CK203,Business Information Systems,409,444
"University College Cork (NUI)",CK204,Finance,531,555
"University College Cork (NUI)",CK205,Commerce (International) with French,409,473
"University College Cork (NUI)",CK206,Commerce (International) with German,408,446
"University College Cork (NUI)",CK207,Commerce (International) with Italian,408,425
"University College Cork (NUI)",CK208,Commerce (International) with Hispanic Studies,431,455
"University College Cork (NUI)",CK209,Commerce (International) with Irish,509,528
"University College Cork (NUI)",CK211,Commerce (International) with Chinese Studies,398,420
"University College Cork (NUI)",CK212,Economics (Transformational Learning) - 3 or 4 years (Int'l Pathway),400,429
"University College Cork (NUI)",CK301,Law (Pathways) -  3 or 4 years,476,519
"University College Cork (NUI)",CK302,Law and French,453,531
"University College Cork (NUI)",CK304,Law and Irish,462,510
"University College Cork (NUI)",CK307,Law and Business,522,554
"University College Cork (NUI)",CK401,Computer Science,402,456
"University College Cork (NUI)",CK402,Biological and Chemical Sciences,498,520
"University College Cork (NUI)",CK404,Biological, Earth and Environmental Sciences,412,451
"University College Cork (NUI)",CK405,Genetics,476,496
"University College Cork (NUI)",CK406,Chemical Sciences,457,488
"University College Cork (NUI)",CK407,Mathematical Sciences,531,578
"University College Cork (NUI)",CK408,Physics and Astrophysics,511,566
"University College Cork (NUI)",CK409,Industrial Physics (offered jointly by UCC and CIT),413,532
"University College Cork (NUI)",CK411,Data Science and Analytics,509,542,
"University College Cork (NUI)",CK412,Agricultural Science,457,509
"University College Cork (NUI)",CK502,Food Marketing and Entrepreneurship,433,456
"University College Cork (NUI)",CK504,Nutritional Sciences,492,509
"University College Cork (NUI)",CK505,Food Science,444,477
"University College Cork (NUI)",CK506,International Development and Food Policy,367,410
"University College Cork (NUI)",CK600,Engineering,465,532
"University College Cork (NUI)",CK606,Architecture (offered jointly by UCC and CIT),465,496
"University College Cork (NUI)",CK701,Medicine (Undergraduate Entry - HPAT required),#729,740
"University College Cork (NUI)",CK702,Dentistry,590,613
"University College Cork (NUI)",CK703,Pharmacy,577,589
"University College Cork (NUI)",CK704,Occupational Therapy,532*,554
"University College Cork (NUI)",CK705,Speech and Language Therapy,509,529
"University College Cork (NUI)",CK706,Public Health Sciences,419,451
"University College Cork (NUI)",CK707,Medical and Health Sciences,510*,543
"University College Cork (NUI)",CK710,General Nursing,440,466
"University College Cork (NUI)",CK712,Children's and General Nursing (Integrated),499,520
"University College Cork (NUI)",CK720,Mental Health Nursing,398,429
"University College Cork (NUI)",CK730,Intellectual Disability Nursing,359,388
"University College Cork (NUI)",CK740,Midwifery,444,474
"University College Cork (NUI)",CK791,Medicine  - Graduate Entry (GAMSAT required),#58*,59 , ,
"American College",AC120,International Business,234,269
"American College",AC137,Liberal Arts,252,275, ,
"CCT College Dublin",CT125,Information Technology,235,280
"Marino Institute of Education",CM001,Education - Primary Teaching,452*,462
"Marino Institute of Education",CM002,Education - Primary Teaching - Gaeltacht Applicants,#421,440
"Marino Institute of Education",CM003,Oideachas - Bunmhúinteoireacht Trí Mheán na Gaeilge,#491,506
"Marino Institute of Education",CM004,Oideachas - Bunmhúinteoireacht Trí Mheán na Gaeilge (daltaí Gaeltachta),#492,569
"Marino Institute of Education",CM010,Education Studies,317,373
"Marino Institute of Education",CM020,Early Childhood Education,336,363, ,
"Dublin Business School",DB500,Computing,242,320
"Dublin Business School",DB501,Computing (Cloud Computing),326,329
"Dublin Business School",DB502,Computing (Data Analytics and Big Data),269,269
"Dublin Business School",DB503,Computing (Software Development),242,282
"Dublin Business School",DB504,Computing (Web and Mobile Technology),227,269
"Dublin Business School",DB510,Audio Production and Music Project Management,233,293
"Dublin Business School",DB512,Business Studies,229,301
"Dublin Business School",DB514,Business Studies (Law),269,337
"Dublin Business School",DB515,Business Studies (Human Resource Management),225,288
"Dublin Business School",DB516,Financial Services,328,336
"Dublin Business School",DB517,Event Management,226,327
"Dublin Business School",DB518,Marketing (Digital Media),210,289
"Dublin Business School",DB521,Accounting and Finance,225,271
"Dublin Business School",DB524,Business Information Systems,402,402
"Dublin Business School",DB525,Marketing (Digital Media and Cloud Computing),284,309
"Dublin Business School",DB526,Business Information Systems (Cloud Computing),253,288
"Dublin Business School",DB527,Applied Social Care,235,288
"Dublin Business School",DB531,Marketing,220,288
"Dublin Business School",DB562,Psychology,208,310
"Dublin Business School",DB566,Social Science,216,308
"Dublin Business School",DB567,Film,192,295
"Dublin Business School",DB568,Law,245,308
"Dublin Business School",DB569,Business (Psychology),279,338 ,, ,
"Dublin City University",DC001,Education - Early Childhood Education,398,424
"Dublin City University",DC002,Education - Primary Teaching,462*,485
"Dublin City University",DC003,Education - Primary Teaching - Gaeltacht Applicants,#433,473
"Dublin City University",DC004,Education - Primary Teaching (Church of Ireland Centre formerly CICE),#357,
"Dublin City University",DC005,Education - Primary Teaching - Irish Sign Language,#316,316
"Dublin City University",DC009,Arts (Joint Honours) - Humanities,347,408
"Dublin City University",DC010,Post Primary Teacher Education - Religious Education and English,386,413
"Dublin City University",DC011,Post Primary Teacher Education - Religious Education and History,352,389
"Dublin City University",DC012,Post Primary Teacher Education - Religious Education and Music,#367,415
"Dublin City University",DC013,Post Primary Teacher Ed - Gaeilge with French/German/Spanish,410,509
"Dublin City University",DC014,BA in Jazz and Contemporary Music Performance,#428,590
"Dublin City University",DC110,Business Studies International,440,462
"Dublin City University",DC111,Business Studies,463,479
"Dublin City University",DC112,Global Business (France),495,510
"Dublin City University",DC113,Global Business (Germany),440,476
"Dublin City University",DC114,Global Business (Spain),501,543
"Dublin City University",DC115,Accounting and Finance,487,500
"Dublin City University",DC116,Global Business (USA),578,589
"Dublin City University",DC117,Aviation Management / Aviation Management with Pilot Studies,463,487
"Dublin City University",DC118,Gnó agus Gaeilge / Business and Irish,357,399
"Dublin City University",DC119,Global Business (Canada),566,577
"Dublin City University",DC120,Enterprise Computing,350,389
"Dublin City University",DC121,Computer Applications,370,418
"Dublin City University",DC123,Data Science,467,511
"Dublin City University",DC126,Actuarial Mathematics,520,543
"Dublin City University",DC127,Common Entry into Actuarial and Financial Mathematics,509,531
"Dublin City University",DC131,Communication Studies,400,441
"Dublin City University",DC132,Journalism,401,440
"Dublin City University",DC133,Multimedia,403,451
"Dublin City University",DC155,Applied Language and Translation Studies,371,430
"Dublin City University",DC161,Analytical Science,446,463
"Dublin City University",DC162,Chemical and Pharmaceutical Sciences,488,498
"Dublin City University",DC166,Environmental Science and Technology,412,442
"Dublin City University",DC167,Physics with Astronomy,434,477
"Dublin City University",DC168,Genetics and Cell Biology,489,500
"Dublin City University",DC171,Applied Physics,402,433
"Dublin City University",DC173,Physics with Biomedical Sciences,402,458
"Dublin City University",DC181,Biotechnology,476,488
"Dublin City University",DC190,Electronic and Computer Engineering (with choice of four majors),391,433
"Dublin City University",DC193,Mechatronic Engineering,404,445
"Dublin City University",DC195,Mechanical and Manufacturing Engineering,401,444
"Dublin City University",DC197,Biomedical Engineering,402,446
"Dublin City University",DC200,Common Entry into Engineering (Undenominated Entry),381,444
"Dublin City University",DC201,Common Entry into Science (Undenominated Entry),454,477
"Dublin City University",DC202,Sport Science and Health,467,476
"Dublin City University",DC203,Science Education,424,476
"Dublin City University",DC204,Athletic Therapy and Training,484,500
"Dublin City University",DC205,Physical Education with Biology,490,521
"Dublin City University",DC206,Physical Education with Mathematics,443,476
"Dublin City University",DC208,Psychology,509,521
"Dublin City University",DC209,Health and Society,419,440
"Dublin City University",DC215,General Nursing,414,443
"Dublin City University",DC216,Mental Health Nursing,368,389
"Dublin City University",DC217,Intellectual Disability Nursing,347,362
"Dublin City University",DC218,Children's and General Nursing (Integrated),467,480
"Dublin City University",DC230,Economics, Politics and Law,400,431
"Dublin City University",DC231,International Relations,387,445
"Dublin City University",DC232,Law and Society (BCL),453,487
"Dublin City University",DC235,Education and Training - Daytime Delivery Mode (full-time),307,327
"Dublin City University",DC238,Social Sciences and Cultural Innovation,358,388
"Dublin City University",DC240,Marketing, Innovation and Technology,451,474
"Dublin City University",DC291,Arts (Joint Honours) - Media Studies,349,392
"Dublin City University",DC292,Arts (Joint Honours) - Law,356,388
"Dublin City University",DC293,Arts (Joint Honours) - International Languages,369,400
"Dublin City University",DC295,Arts (Joint Honours) - Politics,348,387
"Technological University Dublin City Campus",DT001,Product Design,433,464
"Technological University Dublin City Campus",DT028,Transport Operations and Technology,279,348
"Technological University Dublin City Campus",DT035,Electrical Services and Energy Management,293,340
"Technological University Dublin City Campus",DT066,Engineering (General Entry),400,457
"Technological University Dublin City Campus",DT101,Architecture (test and interview),#618,647
"Technological University Dublin City Campus",DT106,Planning and Environmental Management,312,337
"Technological University Dublin City Campus",DT110,Property Economics (Valuation Surveying),367,424
"Technological University Dublin City Campus",DT111,Quantity Surveying and Construction Economics,391,421
"Technological University Dublin City Campus",DT112,Geographic Science,287,335
"Technological University Dublin City Campus",DT117,Construction Management,356,373
"Technological University Dublin City Campus",DT175,Architectural Technology,388,425
"Technological University Dublin City Campus",DT201,Science (General Entry),464,477
"Technological University Dublin City Campus",DT203,Analytical Chemistry (Environmental Forensic and Pharmaceutical),341,403
"Technological University Dublin City Campus",DT204,Biomedical Science,501,512
"Technological University Dublin City Campus",DT205,Mathematical Sciences,315,363
"Technological University Dublin City Campus",DT206,Biomedical and Molecular Diagnostics,473,487
"Technological University Dublin City Campus",DT211,Computer Science (Infrastructure),381,414
"Technological University Dublin City Campus",DT220,Industrial Mathematics,300,317
"Technological University Dublin City Campus",DT221,Physics with Energy and Environment,348,436
"Technological University Dublin City Campus",DT222,Physics Technology,321,371
"Technological University Dublin City Campus",DT223,Human Nutrition and Dietetics,553,566
"Technological University Dublin City Campus",DT224,Optometry,487,529
"Technological University Dublin City Campus",DT225,Public Health Nutrition,440,476
"Technological University Dublin City Campus",DT227,Science with Nanotechnology,312,361
"Technological University Dublin City Campus",DT228,Computer Science,451,466
"Technological University Dublin City Campus",DT229,Clinical Measurement Science,491,509
"Technological University Dublin City Campus",DT235,Physics with Medical Physics and Bioengineering,357,403
"Technological University Dublin City Campus",DT282,Computer Science (International),377,402
"Technological University Dublin City Campus",DT299,Chemical Sciences with Medicinal Chemistry,420,445
"Technological University Dublin City Campus",DT302,Business Analytics,325,403
"Technological University Dublin City Campus",DT304,E-Commerce in Retailing,341,388
"Technological University Dublin City Campus",DT321,Business and Law,462,478
"Technological University Dublin City Campus",DT341,Marketing,400,419
"Technological University Dublin City Campus",DT343,Retail and Services Management,301,332
"Technological University Dublin City Campus",DT354,Business Computing,322,341
"Technological University Dublin City Campus",DT358,Logistics and Supply Chain Management,300,359
"Technological University Dublin City Campus",DT365,Business and Management,440,456
"Technological University Dublin City Campus",DT366,Accounting and Finance,432,454
"Technological University Dublin City Campus",DT398,Human Resource Management,375,388
"Technological University Dublin City Campus",DT399,Economics and Finance,437,465
"Technological University Dublin City Campus",DT401,International Hospitality Management,300,337
"Technological University Dublin City Campus",DT405,Culinary Science,308,377
"Technological University Dublin City Campus",DT407,Culinary Arts,271,342
"Technological University Dublin City Campus",DT412,Tourism Marketing,284,322
"Technological University Dublin City Campus",DT413,Event Management,356,389
"Technological University Dublin City Campus",DT416,Culinary Entrepreneurship,275,339
"Technological University Dublin City Campus",DT420,Nutraceuticals in Health and Nutrition,392,432
"Technological University Dublin City Campus",DT421,Food Innovation,321,366
"Technological University Dublin City Campus",DT422,Pharmaceutical Healthcare,397,423
"Technological University Dublin City Campus",DT491,Environmental Health,343,380
"Technological University Dublin City Campus",DT501,Music,#383,520
"Technological University Dublin City Campus",DT504,Film and Broadcasting,443,467
"Technological University Dublin City Campus",DT506,Commercial Modern Music,#468,835
"Technological University Dublin City Campus",DT508,Game Design,403,454
"Technological University Dublin City Campus",DT517,Languages and English Studies,326,419
"Technological University Dublin City Campus",DT518,Languages and International Tourism,307,357
"Technological University Dublin City Campus",DT529,Drama (Performance),#371,519
"Technological University Dublin City Campus",DT532,Law (LL.B.),422,441
"Technological University Dublin City Campus",DT533,Contemporary Visual Culture,#,
"Technological University Dublin City Campus",DT544,Interior Design,#552,866
"Technological University Dublin City Campus",DT545,Design - Visual Communication,#667,897
"Technological University Dublin City Campus",DT546,Fine Art,#668,813
"Technological University Dublin City Campus",DT555,International Business and Languages,353,399
"Technological University Dublin City Campus",DT559,Photography,#700,926
"Technological University Dublin City Campus",DT571,Social Care,394,424
"Technological University Dublin City Campus",DT572,Early Childhood Education,385,403
"Technological University Dublin City Campus",DT582,Journalism,347,373
"Technological University Dublin City Campus",DT596,Print Media Technology and Management,252,311
"Technological University Dublin City Campus",DT597,Creative and Cultural Industries,280,369, ,
"Dun Laoghaire Institute of Art, Design and Technology",DL821,English, Media and Cultural Studies,211,317
"Dun Laoghaire Institute of Art, Design and Technology",DL822,Arts Management,209,319
"Dun Laoghaire Institute of Art, Design and Technology",DL823,Business Studies - Entrepreneurship and Management,260,316
"Dun Laoghaire Institute of Art, Design and Technology",DL825,Applied Psychology,349,413
"Dun Laoghaire Institute of Art, Design and Technology",DL826,Visual Communication Design,#736,989
"Dun Laoghaire Institute of Art, Design and Technology",DL827,Art,#583,902
"Dun Laoghaire Institute of Art, Design and Technology",DL828,3D Design, Modelmaking and Digital Art,#691,866
"Dun Laoghaire Institute of Art, Design and Technology",DL829,Design for Stage and Screen (Costume Design),#817,1021
"Dun Laoghaire Institute of Art, Design and Technology",DL830,Design for Stage and Screen (Makeup Design),#879,953
"Dun Laoghaire Institute of Art, Design and Technology",DL831,Design for Stage and Screen (Production Design),#893,1073
"Dun Laoghaire Institute of Art, Design and Technology",DL832,Animation,#855,1055
"Dun Laoghaire Institute of Art, Design and Technology",DL833,Photography,#636,791
"Dun Laoghaire Institute of Art, Design and Technology",DL834,Film and Television Production,#933,1011
"Dun Laoghaire Institute of Art, Design and Technology",DL835,Creative Media Technologies,237,289
"Dun Laoghaire Institute of Art, Design and Technology",DL836,Creative Computing,217,326
"Dun Laoghaire Institute of Art, Design and Technology",DL837,New Media Studies,290,349
"Dun Laoghaire Institute of Art, Design and Technology",DL838,Creative Music Production,#746,873, ,
"Griffith College",GC200,Business Studies (Cork),269,359
"Griffith College",GC201,Accounting and Finance (Cork),251,388
"Griffith College",GC230,Computing Science (Cork),228,327
"Griffith College",GC300,Business Studies (Limerick),251,302
"Griffith College",GC301,Accounting and Finance,307,314
"Griffith College",GC302,Business Studies - (HRM, Limerick),269,269
"Griffith College",GC305,International Hospitality Management (Limerick),327,327
"Griffith College",GC400,Business Studies (Dublin),246,297
"Griffith College",GC401,Accounting and Finance (Dublin),181,309
"Griffith College",GC402,Business Studies (HRM, Dublin),217,290
"Griffith College",GC403,Law (Dublin),225,308
"Griffith College",GC405,International Hospitality Management (Dublin),254,272
"Griffith College",GC407,Business Studies (Marketing, Dublin),246,330
"Griffith College",GC430,Computing Science (Dublin),217,269
"Griffith College",GC450,Journalism and Visual Media (Dublin),227,307
"Griffith College",GC462,Design Communication (Dublin),,
"Griffith College",GC489,Interior Architecture (Dublin),#267,361
"Griffith College",GC494,Fashion Design (Dublin),#,, ,
"ICD Business School",ID001,Accounting and Finance,229,291
"ICD Business School",ID002,Business Studies,285,366
"ICD Business School",ID003,Business Studies with Chinese,, ,
"Technological University Dublin Blanchardstown Campus",BN101,Business,252,289
"Technological University Dublin Blanchardstown Campus",BN103,Business and Information Technology,254,290
"Technological University Dublin Blanchardstown Campus",BN104,Computing (Information Technology),260,293
"Technological University Dublin Blanchardstown Campus",BN107,Applied Social Studies in Social Care,300,328
"Technological University Dublin Blanchardstown Campus",BN108,Engineering (Common Entry with Award options),271,318
"Technological University Dublin Blanchardstown Campus",BN109,Business (Common Entry with Award options),260,279
"Technological University Dublin Blanchardstown Campus",BN110,International Business,253,308
"Technological University Dublin Blanchardstown Campus",BN111,Sports Management and Coaching,270,298
"Technological University Dublin Blanchardstown Campus",BN112,Creative Digital Media,280,329
"Technological University Dublin Blanchardstown Campus",BN113,Horticulture,289,321
"Technological University Dublin Blanchardstown Campus",BN114,Accounting and Finance,280,332
"Technological University Dublin Blanchardstown Campus",BN115,Community and Youth Development,250,298
"Technological University Dublin Blanchardstown Campus",BN117,Computer Engineering in Mobile Systems,273,311
"Technological University Dublin Blanchardstown Campus",BN118,Early Childhood Care and Education,290,320
"Technological University Dublin Blanchardstown Campus",BN119,Digital Marketing,270,308
"Technological University Dublin Blanchardstown Campus",BN120,Digital Forensics and Cyber Security,281,326
"Technological University Dublin Blanchardstown Campus",BN121,Mechatronic Engineering,276,340
"Technological University Dublin Blanchardstown Campus",BN123,Design,Technology and Innovation,297,318
"Technological University Dublin Tallaght Campus",TA022,Creative Digital Media,260,318
"Technological University Dublin Tallaght Campus",TA023,Advertising and Marketing Communications,235,299
"Technological University Dublin Tallaght Campus",TA024,Early Childhood Care and Education,217,307
"Technological University Dublin Tallaght Campus",TA025,Social Care Practice,261,297
"Technological University Dublin Tallaght Campus",TA026,International Hospitality and Tourism Management,208,269
"Technological University Dublin Tallaght Campus",TA027,Botanical Cuisine,236,273
"Technological University Dublin Tallaght Campus",TA028,Digital Marketing Technologies,220,313
"Technological University Dublin Tallaght Campus",TA121,Accounting and Finance,202,328
"Technological University Dublin Tallaght Campus",TA122,Management,218,297
"Technological University Dublin Tallaght Campus",TA123,Marketing Management,207,284
"Technological University Dublin Tallaght Campus",TA125,International Business,229,300
"Technological University Dublin Tallaght Campus",TA221,Electronic Engineering,251,321
"Technological University Dublin Tallaght Campus",TA222,Mechanical Engineering,243,302
"Technological University Dublin Tallaght Campus",TA223,Sustainable Energy Engineering,236,305
"Technological University Dublin Tallaght Campus",TA224,Biomedical Design,218,324
"Technological University Dublin Tallaght Campus",TA225,Automation Engineering,235,288
"Technological University Dublin Tallaght Campus",TA226,Engineering Software,243,304
"Technological University Dublin Tallaght Campus",TA321,Pharmaceutical Science,261,298
"Technological University Dublin Tallaght Campus",TA322,Computing,200,294
"Technological University Dublin Tallaght Campus",TA323,Computing with IT Management,243,309
"Technological University Dublin Tallaght Campus",TA326,DNA and Forensic Analysis,300,362
"Technological University Dublin Tallaght Campus",TA327,Sports Science and Health,341,381
"Technological University Dublin Tallaght Campus",TA328,Computing with Language (French/German/Spanish),218,317
"Technological University Dublin Tallaght Campus",TA329,Computing with Data Analytics,218,296, ,
"National College of Art and Design",AD101,First Year Art & Design (Common Entry),# +mat,550
"National College of Art and Design",AD102,Graphic Design and Moving Image Design,# +mat,635
"National College of Art and Design",AD103,Textile & Surface Design and Jewellery & Objects,# +mat,545
"National College of Art and Design",AD202,Education & Design or Fine Art (Second Level Teaching),# +mat,580
"National College of Art and Design",AD204,Fine Art,# +mat,600
"National College of Art and Design",AD211,Fashion Design,# +mat,600
"National College of Art and Design",AD212,Product Design,# +mat,600
"National College of Art and Design",AD215,Visual Culture,300,338
"National College of Art and Design",AD217,Illustration,# +mat,625
"National College of Art and Design",AD222,Interaction Design,# +mat,657, ,
"National College of Ireland (NCI)",NC003,Computing (Degree Award options),261,316
"National College of Ireland (NCI)",NC005,Human Resource Management,297,320
"National College of Ireland (NCI)",NC009,Business,297,339
"National College of Ireland (NCI)",NC010,Psychology,366,399
"National College of Ireland (NCI)",NC020,Marketing Practice,270,307
"National College of Ireland (NCI)",NC022,Accounting and Finance,338,376
"National College of Ireland (NCI)",NC023,Technology Management (with specialisations),260,303
"National College of Ireland (NCI)",NC025,Data Science,297,371, ,
"Royal College of Surgeons in Ireland",RC001,Medicine - Undergraduate Entry (HPAT required),#729,733
"Royal College of Surgeons in Ireland",RC004,Physiotherapy,532*,542
"Royal College of Surgeons in Ireland",RC005,Pharmacy,555,566
"Royal College of Surgeons in Ireland",RC101,Medicine - Graduate Entry (GAMSAT required),#60,62, ,
"Trinity College Dublin",TR002,Music,#414,473
"Trinity College Dublin",TR003,History,486,518
"Trinity College Dublin",TR004,Law,532,552
"Trinity College Dublin",TR005,Philosophy,391,446
"Trinity College Dublin",TR006,Psychology,555*,577
"Trinity College Dublin",TR007,Clinical Speech and Language Studies,499,529
"Trinity College Dublin",TR009,Music Education,#430,465
"Trinity College Dublin",TR012,History and Political Science,532*,557
"Trinity College Dublin",TR015,Philosophy, Political Science, Economics and Sociology,566,577
"Trinity College Dublin",TR016,Deaf Studies,337,372
"Trinity College Dublin",TR017,Law and Business,576,589
"Trinity College Dublin",TR018,Law and French,532*,554
"Trinity College Dublin",TR019,Law and German,523,555
"Trinity College Dublin",TR020,Law and Political Science,567,600
"Trinity College Dublin",TR021,Classics, Ancient History and Archaeology,377,495
"Trinity College Dublin",TR022,Early and Modern Irish,347,407
"Trinity College Dublin",TR023,English Studies,463,511
"Trinity College Dublin",TR024,European Studies,520,544
"Trinity College Dublin",TR025,Drama and Theatre Studies,#489,531
"Trinity College Dublin",TR028,Ancient and Medieval History and Culture,339,451
"Trinity College Dublin",TR029,Political Science and Geography,477,500
"Trinity College Dublin",TR031,Mathematics,566,589
"Trinity College Dublin",TR032,Engineering,487*,520
"Trinity College Dublin",TR033,Computer Science,465*,488
"Trinity College Dublin",TR034,Management Science and Information Systems Studies,589*,602
"Trinity College Dublin",TR035,Theoretical Physics,554,601
"Trinity College Dublin",TR038,Engineering with Management,499,543
"Trinity College Dublin",TR039,Computer Science and Language,435,498
"Trinity College Dublin",TR040,Middle Eastern and European Languages and Cultures,485,518
"Trinity College Dublin",TR041,Religion,347,393
"Trinity College Dublin",TR051,Medicine (HPAT required),#730,739
"Trinity College Dublin",TR052,Dental Science,590*,602
"Trinity College Dublin",TR053,Physiotherapy,533*,544
"Trinity College Dublin",TR054,Occupational Therapy,500,520
"Trinity College Dublin",TR055,Radiation Therapy,510,521
"Trinity College Dublin",TR056,Human Health and Disease,543,565
"Trinity College Dublin",TR060,Biological and Biomedical Sciences,510*,542
"Trinity College Dublin",TR061,Chemical Sciences,488*,520
"Trinity College Dublin",TR062,Geography and Geoscience,435,485
"Trinity College Dublin",TR063,Physical Sciences,498*,543
"Trinity College Dublin",TR072,Pharmacy,555*,577
"Trinity College Dublin",TR080,Global Business,565,577
"Trinity College Dublin",TR081,Business, Economic and Social Studies (BESS),518*,542
"Trinity College Dublin",TR082,Computer Science and Business,510,542
"Trinity College Dublin",TR083,Sociology and Social Policy,451,474
"Trinity College Dublin",TR084,Social Studies (Social Work),420*,462
"Trinity College Dublin",TR085,Business Studies and French,509,553
"Trinity College Dublin",TR086,Business Studies and German,474,495
"Trinity College Dublin",TR087,Business Studies and Russian,467,487
"Trinity College Dublin",TR089,Business Studies and Polish,393,434
"Trinity College Dublin",TR090,Business Studies and Spanish,510,543
"Trinity College Dublin",TR091,General Nursing (Meath and St James's),393*,420
"Trinity College Dublin",TR093,General Nursing (Adelaide School of Nursing),#378*,409
"Trinity College Dublin",TR095,Mental Health Nursing,358,377
"Trinity College Dublin",TR097,Intellectual Disability Nursing,346,350
"Trinity College Dublin",TR911,Children's and General Nursing (Integrated),476*,487
"Trinity College Dublin",TR913,Midwifery,423,462,
"University College Dublin (NUI)",DN100,Architecture,473,509
"University College Dublin (NUI)",DN120,Landscape Architecture,353,403
"University College Dublin (NUI)",DN130,City Planning and Environmental Policy,367,421
"University College Dublin (NUI)",DN150,Engineering (Common Entry),511,554
"University College Dublin (NUI)",DN200,Science (options),521,554
"University College Dublin (NUI)",DN201,Computer Science (Common Entry),488,509
"University College Dublin (NUI)",DN230,Actuarial and Financial Studies,577,589
"University College Dublin (NUI)",DN250,Agricultural Science (options),420,462
"University College Dublin (NUI)",DN252,Dairy Business,398,428
"University College Dublin (NUI)",DN253,Agri - Environmental Sciences,403,419
"University College Dublin (NUI)",DN261,Food Science,434,467
"University College Dublin (NUI)",DN262,Human Nutrition,493,510
"University College Dublin (NUI)",DN271,Forestry,303,361
"University College Dublin (NUI)",DN272,Horticulture, Landscape and Sportsturf Management,252,312
"University College Dublin (NUI)",DN300,Veterinary Medicine - Undergraduate Entry,#567,589
"University College Dublin (NUI)",DN301,Veterinary Medicine - Graduate Entry,#,
"University College Dublin (NUI)",DN310,Veterinary Nursing,441,487
"University College Dublin (NUI)",DN400,Medicine - Undergraduate Entry (HPAT required),#735,745
"University College Dublin (NUI)",DN401,Medicine - Graduate Entry (GAMSAT required),#59*,61
"University College Dublin (NUI)",DN410,Radiography,507,522
"University College Dublin (NUI)",DN411,Radiography - Graduate Entry,#,
"University College Dublin (NUI)",DN420,Physiotherapy,542,555
"University College Dublin (NUI)",DN425,Health and Performance Science,488,509
"University College Dublin (NUI)",DN430,Sport and Exercise Management,436,455,
"University College Dublin (NUI)",DN440,Biomedical, Health and Life Sciences,565*,579
"University College Dublin (NUI)",DN450,General Nursing,398,420
"University College Dublin (NUI)",DN451,Children's and General Nursing (Integrated),462*,499
"University College Dublin (NUI)",DN452,Midwifery,409,452
"University College Dublin (NUI)",DN453,Mental Health Nursing,379,403
"University College Dublin (NUI)",DN520,Arts (Two Subjects),336,408
"University College Dublin (NUI)",DN530,Humanities (options),348,411
"University College Dublin (NUI)",DN541,Modern Languages (options),348,412
"University College Dublin (NUI)",DN600,Law (options),520*,532
"University College Dublin (NUI)",DN610,Business and Law,521,543
"University College Dublin (NUI)",DN650,Commerce,498*,510
"University College Dublin (NUI)",DN660,Commerce International (options),507,531
"University College Dublin (NUI)",DN670,Economics and Finance,601,601
"University College Dublin (NUI)",DN700,Social Sciences (options),388,441
"University College Dublin (NUI)",DN710,Economics,476,488
"University College Dublin (NUI)",DN720,Psychology,517,531
"University College Dublin (NUI)",DN750,Social Policy and Sociology,330,366, ,
"Dundalk Institute of Technology",DK810,Accounting and Finance,306,391
"Dundalk Institute of Technology",DK816,Business Studies,300,357
"Dundalk Institute of Technology",DK820,Computing in Games Development,307,369
"Dundalk Institute of Technology",DK821,Computing in Software Development,301,347
"Dundalk Institute of Technology",DK830,Building Surveying,302,349
"Dundalk Institute of Technology",DK831,Architectural Technology,301,366
"Dundalk Institute of Technology",DK832,Construction Management,300,329
"Dundalk Institute of Technology",DK843,Engineering (Common Entry),303,402
"Dundalk Institute of Technology",DK860,Music,#499,649
"Dundalk Institute of Technology",DK861,Arts,300,358
"Dundalk Institute of Technology",DK862,Social Care,300,338
"Dundalk Institute of Technology",DK863,Creative Media,300,376
"Dundalk Institute of Technology",DK864,Film and Television Production,300,332
"Dundalk Institute of Technology",DK865,Audio and Music Production,301,346
"Dundalk Institute of Technology",DK870,General Nursing,392,401
"Dundalk Institute of Technology",DK872,Intellectual Disability Nursing,300,317
"Dundalk Institute of Technology",DK874,Mental Health Nursing,356,378
"Dundalk Institute of Technology",DK876,Early Childhood Studies,305,359
"Dundalk Institute of Technology",DK877,Midwifery,398*,441
"Dundalk Institute of Technology",DK880,Health and Physical Activity,300,367
"Dundalk Institute of Technology",DK882,Agriculture (Award options),303,358
"Dundalk Institute of Technology",DK883,Science (Award options),300,369, ,
"Galway-Mayo Institute of Technology",GA181,Accounting,303,378
"Galway-Mayo Institute of Technology",GA182,Business,290,347
"Galway-Mayo Institute of Technology",GA183,Business Information Systems,309,373
"Galway-Mayo Institute of Technology",GA184,Marketing and Sales,307,348
"Galway-Mayo Institute of Technology",GA185,Finance and Economics,307,398
"Galway-Mayo Institute of Technology",GA186,Business with Entrepreneurship,297,328
"Galway-Mayo Institute of Technology",GA187,Rural Enterprise and Agri-Business (Mountbellew Campus),280,367
"Galway-Mayo Institute of Technology",GA281,Film and Documentary,287,360
"Galway-Mayo Institute of Technology",GA282,Heritage Studies,238,308
"Galway-Mayo Institute of Technology",GA283,Contemporary Art,260,340
"Galway-Mayo Institute of Technology",GA284,Design,309,377
"Galway-Mayo Institute of Technology",GA380,International Hotel Management,225,289
"Galway-Mayo Institute of Technology",GA381,International Tourism Management,261,290
"Galway-Mayo Institute of Technology",GA382,Culinary and Gastronomic Science,225,316
"Galway-Mayo Institute of Technology",GA384,Event Management with Public Relations,209,289
"Galway-Mayo Institute of Technology",GA385,Retail Management,219,319
"Galway-Mayo Institute of Technology",GA480,Construction Management,260,312
"Galway-Mayo Institute of Technology",GA482,Quantity Surveying and Construction Economics,280,340
"Galway-Mayo Institute of Technology",GA483,Architectural Technology,251,321
"Galway-Mayo Institute of Technology",GA484,Civil Engineering,270,362
"Galway-Mayo Institute of Technology",GA580,Software and Electronic Engineering,301,351
"Galway-Mayo Institute of Technology",GA680,Mechanical Engineering,336,389
"Galway-Mayo Institute of Technology",GA681,Energy Engineering,281,328
"Galway-Mayo Institute of Technology",GA682,Biomedical Engineering,331,383
"Galway-Mayo Institute of Technology",GA683,Agricultural Engineering,301,365
"Galway-Mayo Institute of Technology",GA684,Engineering (Common entry to Agri/Biomed/Energy/Mech Eng),346,406
"Galway-Mayo Institute of Technology",GA780,Applied Freshwater and Marine Biology,300,360
"Galway-Mayo Institute of Technology",GA781,Applied Biology and Biopharmaceutical Science,317,376
"Galway-Mayo Institute of Technology",GA782,Chemical and Pharmaceutical Science,307,346
"Galway-Mayo Institute of Technology",GA783,Physics and Instrumentation,373,378
"Galway-Mayo Institute of Technology",GA784,Science (Undenominated),327,377
"Galway-Mayo Institute of Technology",GA785,Medical Science,451,486
"Galway-Mayo Institute of Technology",GA786,Forensic Science and Analysis,300,366
"Galway-Mayo Institute of Technology",GA787,Computing in Software Development,275,327
"Galway-Mayo Institute of Technology",GA788,Computing and Digital Media,270,327
"Galway-Mayo Institute of Technology",GA789,Agriculture and Environmental Management (Mountbellew Campus),297,339
"Galway-Mayo Institute of Technology",GA790,Sport and Exercise Science,350,379
"Galway-Mayo Institute of Technology",GA791,Public Health Nutrition,364,397
"Galway-Mayo Institute of Technology",GA880,General Nursing - Mayo Campus,389*,400
"Galway-Mayo Institute of Technology",GA882,Psychiatric Nursing - Mayo Campus,346,370
"Galway-Mayo Institute of Technology",GA885,Outdoor Education - Mayo Campus,210,298
"Galway-Mayo Institute of Technology",GA887,History and Geography - Mayo Campus,228,296
"Galway-Mayo Institute of Technology",GA889,Applied Social Care - Mayo Campus,260,297
"Galway-Mayo Institute of Technology",GA890,Early Childhood Care and Education - Mayo Campus,278,319
"Galway-Mayo Institute of Technology",GA980,Education (Design Graphics and Construction) - Letterfrack Campus,376,389
"Galway-Mayo Institute of Technology",GA981,Furniture Design and Manufacture - Letterfrack Campus,271,350
"Galway-Mayo Institute of Technology",GA982,Furniture and Wood Technology - Letterfrack Campus,270,352, ,
"National University of Ireland, Galway",GY101,Arts (Joint-Honours),300,374
"National University of Ireland, Galway",GY104,Arts (Psychology),507,529
"National University of Ireland, Galway",GY105,Arts (History),318,358
"National University of Ireland, Galway",GY107,Na Dána (Gaeilge agus Léann an Aistriúcháin),330,397
"National University of Ireland, Galway",GY109,Arts (Mathematics and Education),411,487
"National University of Ireland, Galway",GY110,Arts with Children's Studies,382,409
"National University of Ireland, Galway",GY111,Arts with Creative Writing,402,472
"National University of Ireland, Galway",GY112,Arts with Film Studies,338,370
"National University of Ireland, Galway",GY113,Arts with Human Rights,338,409
"National University of Ireland, Galway",GY115,Arts with Performing Arts Studies,328,367
"National University of Ireland, Galway",GY118,Arts (Drama, Theatre and Performance Studies),410,451
"National University of Ireland, Galway",GY119,Journalism,410,475
"National University of Ireland, Galway",GY120,Arts (Child, Youth and Family: Policy and Practice),309,346
"National University of Ireland, Galway",GY121,Arts (Children's Studies),356,389
"National University of Ireland, Galway",GY122,Na Dána (Cumarsáid agus Gaeilge) ,308,399
"National University of Ireland, Galway",GY123,BSc (Applied Social Sciences),357,388
"National University of Ireland, Galway",GY124,Arts (Arts with Data Science),434,466
"National University of Ireland, Galway",GY125,Arts (Digital Arts and Technology),324,379
"National University of Ireland, Galway",GY126,Arts (English and Media Studies),418,451
"National University of Ireland, Galway",GY127,Arts (Film and Digital Media),387,435
"National University of Ireland, Galway",GY128,Arts (Global Languages),370,440
"National University of Ireland, Galway",GY129,Arts (International),408,477
"National University of Ireland, Galway",GY130,Arts (Music),400,444
"National University of Ireland, Galway",GY131,Arts (History and Globalisation Studies),340,431
"National University of Ireland, Galway",GY132,Government (Politics, Economics and Law),402,444
"National University of Ireland, Galway",GY133,Education (Computer Science and Mathematical  Studies),401,466
"National University of Ireland, Galway",GY201,Commerce,420,453
"National University of Ireland, Galway",GY202,Commerce (International) with French,484,513
"National University of Ireland, Galway",GY203,Commerce (International) with German,489,541
"National University of Ireland, Galway",GY204,Commerce (International) with Spanish,484,500
"National University of Ireland, Galway",GY206,Business Information Systems (Work Placement & Optional Int'l Study),431,445
"National University of Ireland, Galway",GY207,Commerce (Accounting) including optional Global Experience year,486,510
"National University of Ireland, Galway",GY208,Commerce (Gaeilge),473,488
"National University of Ireland, Galway",GY209,Commerce (Global Experience),509,531
"National University of Ireland, Galway",GY250,Law & Business,436,467
"National University of Ireland, Galway",GY251,Law,473,498
"National University of Ireland, Galway",GY252,Law & Human Rights,510,521
"National University of Ireland, Galway",GY261,Business Studies (International Hotel Management, Shannon),#486,615
"National University of Ireland, Galway",GY262,Commerce (International Hotel Management, Shannon),#671,726
"National University of Ireland, Galway",GY301,Science,400,456
"National University of Ireland, Galway",GY303,Biomedical Science,533,566
"National University of Ireland, Galway",GY304,Biotechnology,473,507
"National University of Ireland, Galway",GY308,Environmental Science,413,440
"National University of Ireland, Galway",GY309,Financial Mathematics and Economics,454,498
"National University of Ireland, Galway",GY310,Marine Science,409,456
"National University of Ireland, Galway",GY313,Environmental Health and Safety,402,435
"National University of Ireland, Galway",GY314,Earth and Ocean Sciences,402,425
"National University of Ireland, Galway",GY318,Biopharmaceutical Chemistry,510,532
"National University of Ireland, Galway",GY319,Mathematical Science,456,531
"National University of Ireland, Galway",GY320,Physics (Degree options: Applied,Astrophysics,Biomedical,Theoretical),401,487
"National University of Ireland, Galway",GY350,Computer Science and Information Technology,425,466
"National University of Ireland, Galway",GY401,Engineering (Undenominated),444,499
"National University of Ireland, Galway",GY402,Civil Engineering,509,543
"National University of Ireland, Galway",GY405,Mechanical Engineering,443,499
"National University of Ireland, Galway",GY406,Electronic and Computer Engineering,509,547
"National University of Ireland, Galway",GY408,Biomedical Engineering,519,543
"National University of Ireland, Galway",GY410,Project and Construction Management,434,464
"National University of Ireland, Galway",GY413,Energy Systems Engineering,532,589
"National University of Ireland, Galway",GY414,Electrical and Electronic Engineering,454,487
"National University of Ireland, Galway",GY501,Medicine (five year/six year course, HPAT required),#726*,731
"National University of Ireland, Galway",GY502,Occupational Therapy,532,543
"National University of Ireland, Galway",GY503,Speech and Language Therapy,529,543
"National University of Ireland, Galway",GY504,Podiatric Medicine,434,463
"National University of Ireland, Galway",GY515,General Nursing (Galway and Portiuncula),442,466
"National University of Ireland, Galway",GY516,Mental Health Nursing,388,413
"National University of Ireland, Galway",GY517,Midwifery,429,468
"Letterkenny Institute of Technology",LY108,Business - Accounting,318,399
"Letterkenny Institute of Technology",LY118,Business,287,352
"Letterkenny Institute of Technology",LY208,Law,300,359
"Letterkenny Institute of Technology",LY218,Business - with Spanish/Irish options,298,367
"Letterkenny Institute of Technology",LY228,Sports and Exercise (Common Entry),278,330
"Letterkenny Institute of Technology",LY408,Design (Common Entry),#307,368
"Letterkenny Institute of Technology",LY508,Fire Safety Engineering,270,299
"Letterkenny Institute of Technology",LY518,Quantity Surveying,307,368
"Letterkenny Institute of Technology",LY528,Construction Management,267,291
"Letterkenny Institute of Technology",LY608,Mechanical Engineering,304,333
"Letterkenny Institute of Technology",LY618,Electronics and Embedded Systems,307,339
"Letterkenny Institute of Technology",LY708,Applied Computing,300,348
"Letterkenny Institute of Technology",LY818,Science (Common Entry),302,371
"Letterkenny Institute of Technology",LY828,Agriculture (Common Entry),300,342
"Letterkenny Institute of Technology",LY908,General Nursing,383,390
"Letterkenny Institute of Technology",LY918,Psychiatric Nursing,291*,332
"Letterkenny Institute of Technology",LY928,Intellectual Disability Nursing,288,299
"Letterkenny Institute of Technology",LY968,Early Childhood Care, Health and Education,300,336
"Letterkenny Institute of Technology",LY978,Health & Social Care (Common Entry),260,299, ,
"Mary Immaculate College",MI001,Contemporary & Applied Theatre Studies,345,381
"Mary Immaculate College",MI002,Arts (offered in conjunction with the University of Limerick),300,378
"Mary Immaculate College",MI005,Education - Primary Teaching,473*,506
"Mary Immaculate College",MI006,Education - Primary Teaching (Gaeltacht Applicants),#442,473
"Mary Immaculate College",MI007,Early Childhood Care and Education,366,402
"Mary Immaculate College",MI008,Education and Psychology - Primary Teaching,543,555
"Mary Immaculate College",MI009,Education, Business Studies and Accounting (Thurles Campus),392,420
"Mary Immaculate College",MI010,Education, Business Studies and Religious Studies (Thurles Campus),326,355
"Mary Immaculate College",MI011,Education, Irish and Religious Studies (Thurles Campus),377,387
"Mary Immaculate College",MI012,Education, Irish and Business Studies (Thurles Campus),398,440
"Mary Immaculate College",MI013,Education, Mathematics and Gaeilge (Thurles Campus),433,465, ,
"Irish College of Humanities & Applied Sciences",CI101,Counselling and Psychotherapy (Limerick),276,328, ,
"Limerick Institute of Technology",LC110,Art and Design (Common Entry, portfolio),#734,918
"Limerick Institute of Technology",LC114,Fashion and Textiles for Product and Costume (portfolio),#900,988
"Limerick Institute of Technology",LC220,Digital Marketing,254,288
"Limerick Institute of Technology",LC223,Law and Taxation,308,372
"Limerick Institute of Technology",LC224,Accounting and Finance,299,382
"Limerick Institute of Technology",LC225,Marketing and Management,298,337
"Limerick Institute of Technology",LC226,Enterprise and Innovation,216,298
"Limerick Institute of Technology",LC233,Software Development,300,371
"Limerick Institute of Technology",LC234,Interactive Digital Media,219,288
"Limerick Institute of Technology",LC236,Internet Systems Development,298,319
"Limerick Institute of Technology",LC239,Computer Networks and Systems Management,335,347
"Limerick Institute of Technology",LC241,Construction Management,276,303
"Limerick Institute of Technology",LC242,Property Valuation and Management,292,328
"Limerick Institute of Technology",LC243,Quantity Surveying,281,360
"Limerick Institute of Technology",LC248,Built Environment (Common Entry),307,350
"Limerick Institute of Technology",LC252,Civil Engineering Management,281,331
"Limerick Institute of Technology",LC263,Clinical Technology,282,359
"Limerick Institute of Technology",LC265,Forensic and Pharmaceutical Sciences,335,368
"Limerick Institute of Technology",LC266,Drug and Medicinal Product Analysis,236,299
"Limerick Institute of Technology",LC275,Electrical Engineering,288,340
"Limerick Institute of Technology",LC288,Mechanical Engineering,307,360
"Limerick Institute of Technology",LC289,Precision Engineering,280,369
"Limerick Institute of Technology",LC292,Social Care Work,360,389
"Limerick Institute of Technology",LC293,Business Studies with Travel and Tourism Management,299,326
"Limerick Institute of Technology",LC294,Business Studies with Event Management,271,300
"Limerick Institute of Technology",LC295,Business Studies with Sports Management,263,298
"Limerick Institute of Technology",LC297,Community Development,217,269
"Limerick Institute of Technology",LC320,Business,337,378
"Limerick Institute of Technology",LC330,Business with Computing,298,326
"Limerick Institute of Technology",LC340,Interior Design,298,349
"Limerick Institute of Technology",LC362,Biotechnology and Biopharmaceutical Sciences,379,402
"Limerick Institute of Technology",LC371,Creative Broadcast and Film Production,298,339
"Limerick Institute of Technology",LC372,Music Technology and Production,321,369
"Limerick Institute of Technology",LC374,Renewable and Electrical Energy Engineering,317,368
"Limerick Institute of Technology",LC375,Industrial Automation & Robotic Systems,321,368
"Limerick Institute of Technology",LC376,Electronic Engineering,308,346
"Limerick Institute of Technology",LC380,Automotive Engineering and Transport Management,282,329
"Limerick Institute of Technology",LC392,Beauty and Spa Management,217,318
"Limerick Institute of Technology",LC393,Early Childhood Education & Care,260,309
"Limerick Institute of Technology",LC401,Early Childhood Education & Care (Thurles),298,387
"Limerick Institute of Technology",LC402,Social Care Work (Thurles),209,290
"Limerick Institute of Technology",LC408,Environmental and Geographical Sciences (Thurles),262,346
"Limerick Institute of Technology",LC411,Marketing and Management (Thurles),226,300
"Limerick Institute of Technology",LC418,Computing - Games Design and Development (Thurles),271,318
"Limerick Institute of Technology",LC422,Sports Strength and Conditioning (Thurles),288,333
"Limerick Institute of Technology",LC434,Environmental Management in Agriculture (Thurles),278,347
"Limerick Institute of Technology",LC502,Game Art and Design (Clonmel, portfolio),#838,950
"Limerick Institute of Technology",LC517,Creative Media and Design (Clonmel),229,273
"Limerick Institute of Technology",LC518,Digital Animation Production (Clonmel, portfolio),#816,962
"Limerick Institute of Technology",LC612,Social Care Work (Ennis),319,338
"Limerick Institute of Technology",LC613,Early Childhood Education & Care (Ennis),346,388, ,
"University of Limerick",LM002,Arts (offered in conjunction with Mary Immaculate College),329,388
"University of Limerick",LM020,Law and Accounting,436,476
"University of Limerick",LM026,Performing Arts (audition required),#307,367
"University of Limerick",LM028,Criminal Justice,387,409
"University of Limerick",LM029,Law Plus,473,499
"University of Limerick",LM038,Psychology and Sociology,478,489
"University of Limerick",LM039,Journalism and New Media,388,430
"University of Limerick",LM040,European Studies,350,462
"University of Limerick",LM044,Applied Languages,404,473
"University of Limerick",LM050,Business Studies,419,455
"University of Limerick",LM056,International Business,511,543
"University of Limerick",LM058,Financial Mathematics,434,543
"University of Limerick",LM063,Technology Management,372,409
"University of Limerick",LM068,Food Science and Health,400,430
"University of Limerick",LM076,Product Design and Technology (portfolio required),#402,466
"University of Limerick",LM077,Aeronautical Engineering,469,531
"University of Limerick",LM082,Construction Management and Engineering,368,404
"University of Limerick",LM089,Sport and Exercise Sciences,441,466
"University of Limerick",LM090,Physical Education with concurrent Teacher Education,498*,520
"University of Limerick",LM092,Science with Teacher Ed (Biology with Physics/Chemistry/Ag Science),478,509
"University of Limerick",LM093,Equine Science,338,381
"University of Limerick",LM094,Materials and Architectural Technology with concurrent Teacher Education,405,433
"University of Limerick",LM095,Materials and Engineering Technology with concurrent Teacher Education,358,409
"University of Limerick",LM096,Science with Teacher Ed (Physical Sciences with Chemistry and Physics),382,422
"University of Limerick",LM099,Architecture (portfolio required),#419,473
"University of Limerick",LM100,Physiotherapy,565*,577
"University of Limerick",LM101,Medicine  - Graduate Entry (GAMSAT required),#55*,57
"University of Limerick",LM102,Psychology,495,519
"University of Limerick",LM103,Paramedic Studies (B and C1 Drivers Licence),#313,403
"University of Limerick",LM115,Chemical and Biochemical Engineering,456,520
"University of Limerick",LM116,Engineering (Biomedical/Civil/Design and Manufacture/Mechanical),434,498
"University of Limerick",LM118,Electronic and Computer Engineering,401,498
"University of Limerick",LM121,Computer Science (Computer Systems/Games Dev/Mobile Comm Security),352,420
"University of Limerick",LM122,Creative Media and Interaction Design (Digital Design/Music Media Tech),330,430
"University of Limerick",LM123,Biological & Chemical Sciences (Biosci/Envir Sci/Ind Bio/IndPharma Chem),412,455
"University of Limerick",LM124,Mathematics (Math Science/Maths and Physics/Economics and Math Scienc,427,521
"University of Limerick",LM125,Physics (Applied Physics/Mathematics and Physics),405,509
"University of Limerick",LM150,General Nursing,440*,463
"University of Limerick",LM152,Mental Health Nursing,388,418
"University of Limerick",LM154,Intellectual Disability Nursing,381*,408
"University of Limerick",LM156,Midwifery,429,444
"Pontifical University, St Patrick\'s College",MU001,Theology and Arts,290,318
"Pontifical University, St Patrick\'s College",MU002,Theology,292,377, ,
"Maynooth University",MH001,Education - Primary Teaching (Froebel),496*,520
"Maynooth University",MH002,Education - Primary Teaching - Gaeltacht Applicants (Froebel),#441*,
"Maynooth University",MH101,Arts,316,369
"Maynooth University",MH103,Music,#,367
"Maynooth University",MH106,Psychology - 3 years,495,499
"Maynooth University",MH107,Social Science,326,349
"Maynooth University",MH109,Media Studies,317,377
"Maynooth University",MH116,Community and Youth Work (Full-Time),#,271
"Maynooth University",MH201,Science,350,392
"Maynooth University",MH202,Biotechnology,429,446
"Maynooth University",MH204,Physics with Astrophysics,420,488
"Maynooth University",MH206,Theoretical Physics and Mathematics,498,566
"Maynooth University",MH207,Data Science,434,466
"Maynooth University",MH208,Biological and Biomedical Sciences,451,476
"Maynooth University",MH209,Psychology (through Science) - 4 years,473,485
"Maynooth University",MH210,Pharmaceutical and Biomedical Chemistry,446,466
"Maynooth University",MH212,Science/Computer Science/Mathematics (with Education) - options,444,476
"Maynooth University",MH304,Engineering (Computer/Electronic/Communications),371,423
"Maynooth University",MH305,Product Design,358,411
"Maynooth University",MH306,Robotics and Intelligent Devices,361,424
"Maynooth University",MH401,Finance (options),352,392
"Maynooth University",MH402,Quantitative Finance,476,487
"Maynooth University",MH403,Accounting and Finance,402,432
"Maynooth University",MH404,Business (options),400,429
"Maynooth University",MH405,Equine Business,357,398
"Maynooth University",MH407,Business and Accounting,401,420
"Maynooth University",MH411,Entrepreneurship,358,388
"Maynooth University",MH501,LLB Law - four year Single Major Law programme,451,476
"Maynooth University",MH502,Law (options),410,442
"Maynooth University",MH601,Computer Science through Arts (options),342,369
"Maynooth University",MH602,Computer Science through Science (options),357,413
"Maynooth University",MH603,Computational Thinking,520,543
"Maynooth University",MH801,Early Childhood - Teaching and Learning (part-time),347,358
"Maynooth University",MH802,Community and Youth Work (part-time, in service,#,
"Maynooth University",MH803,Local Studies or Community Studies (part-time, evening)- Mature Students,#,, ,
"St. Angela's College",AS001,Education, Home Economics and Biology - with concurrent Teacher Ed,456*,497
"St. Angela's College",AS002,Education, Home Economics and Religious Ed - with concurrent Teacher Ed,400*,433
"St. Angela's College",AS003,Education, Home Economics and Irish - with concurrent Teacher Ed,421,457
"St. Angela's College",AS051,Nutrition, Food and Business Management,337,399
"St. Angela's College",AS054,Home Economics,387,401
"St. Angela's College",AS110,General Nursing,391*,409
"St. Angela's College",AS130,Intellectual Disability Nursing,317,338, ,
"Institute of Technology, Sligo",SG141,Business,252,317
"Institute of Technology, Sligo",SG142,Business in International Marketing and Sales with French,270,388
"Institute of Technology, Sligo",SG144,Business in International Marketing and Sales with Spanish,280,388
"Institute of Technology, Sligo",SG146,Accounting,307,347
"Institute of Technology, Sligo",SG147,Sport with Business,269,316
"Institute of Technology, Sligo",SG148,Tourism with Event Management,246,282
"Institute of Technology, Sligo",SG149,Business in Finance and Investment,262,357
"Institute of Technology, Sligo",SG241,Performing Arts,279,348
"Institute of Technology, Sligo",SG242,Early Childhood Care and Education,278,318
"Institute of Technology, Sligo",SG243,Social Care Practice,297,338
"Institute of Technology, Sligo",SG244,Fine Art,#355,496
"Institute of Technology, Sligo",SG245,Creative Design,261,338
"Institute of Technology, Sligo",SG246,Computing,295,368
"Institute of Technology, Sligo",SG247,English and Psychology,308,336
"Institute of Technology, Sligo",SG248,Sociology and Politics,282,320
"Institute of Technology, Sligo",SG249,Writing and Literature,279,338
"Institute of Technology, Sligo",SG250,Application Design and User Experience,290,431
"Institute of Technology, Sligo",SG251,Computing (Smart Technologies),303,391
"Institute of Technology, Sligo",SG252,Software Development,300,354
"Institute of Technology, Sligo",SG253,Computer Networks and Cloud Infrastructure,273,341
"Institute of Technology, Sligo",SG343,Quantity Surveying,261,302
"Institute of Technology, Sligo",SG346,Construction Project Management and Applied Technology,289,351
"Institute of Technology, Sligo",SG347,Architecture,309,357
"Institute of Technology, Sligo",SG441,Environmental Science,297,358
"Institute of Technology, Sligo",SG442,Occupational Safety and Health,289,330
"Institute of Technology, Sligo",SG443,Human Nutrition,357,419
"Institute of Technology, Sligo",SG444,Science (Undenominated),308,369
"Institute of Technology, Sligo",SG445,Pharmaceutical Science with Drug Development,347,369
"Institute of Technology, Sligo",SG446,Applied Archaeology,289,290
"Institute of Technology, Sligo",SG447,Health Science and Physical Activity,316,363
"Institute of Technology, Sligo",SG448,Forensic Investigation and Analysis,306,348
"Institute of Technology, Sligo",SG449,Medical Biotechnology,329,352, ,
"Institute of Technology, Tralee",TL801,Animation Visual Effects and Motion Design,281,341
"Institute of Technology, Tralee",TL802,TV, Radio and New Media,306,356
"Institute of Technology, Tralee",TL803,Music Technology,264,288
"Institute of Technology, Tralee",TL810,Computing with Software Development,309,341
"Institute of Technology, Tralee",TL811,Computing with Games Development,310,334
"Institute of Technology, Tralee",TL812,Computing with Digital Media,369,369
"Institute of Technology, Tralee",TL815,Computing (Degree Award options),308,378
"Institute of Technology, Tralee",TL823,Event Management (3 year programme),291,346
"Institute of Technology, Tralee",TL831,Business Studies (Major Specialism in: Acctng or Mktg or Mgmnt),307,372
"Institute of Technology, Tralee",TL842,Construction Management,,
"Institute of Technology, Tralee",TL844,Agricultural Engineering,311,368
"Institute of Technology, Tralee",TL845,Civil Engineering,300,364
"Institute of Technology, Tralee",TL847,Manufacturing Engineering,,
"Institute of Technology, Tralee",TL848,Agricultural Science,331,362
"Institute of Technology, Tralee",TL851,Wildlife Biology (Degree Award options),310,362
"Institute of Technology, Tralee",TL855,Pharmaceutical Science (Degree Award options),342,386
"Institute of Technology, Tralee",TL858,Veterinary Bioscience,326,369
"Institute of Technology, Tralee",TL871,Health and Leisure (Degree Award options),303,346
"Institute of Technology, Tralee",TL872,Health and Leisure with Massage,288,357
"Institute of Technology, Tralee",TL873,Coaching and Sports Performance,282,336
"Institute of Technology, Tralee",TL880,Early Childhood Care and Education,307,347
"Institute of Technology, Tralee",TL881,Social Care,308,356
"Institute of Technology, Tralee",TL889,Counselling with Addiction - Mature applicants only,#,
"Institute of Technology, Tralee",TL890,General Nursing and Mature Applicants,407,431
"Institute of Technology, Tralee",TL891,Mental Health Nursing and Mature Applicants,367*,379, ,
"Waterford Institute of Technology",WD001,Applied Computing (options),279,358
"Waterford Institute of Technology",WD002,Science (options),302,377
"Waterford Institute of Technology",WD005,Health Sciences (options),288,347
"Waterford Institute of Technology",WD006,Exercise Sciences (options),282,337
"Waterford Institute of Technology",WD007,Engineering (options),287,382
"Waterford Institute of Technology",WD025,Construction Management and Engineering,269,327
"Waterford Institute of Technology",WD027,Music,#290,317
"Waterford Institute of Technology",WD048,Business (options),278,357
"Waterford Institute of Technology",WD084,Accounting,307,403
"Waterford Institute of Technology",WD091,Hospitality Management,210,281
"Waterford Institute of Technology",WD116,General Nursing,413,430
"Waterford Institute of Technology",WD117,Psychiatric Nursing,361,382
"Waterford Institute of Technology",WD120,Intellectual Disability Nursing,338,359
"Waterford Institute of Technology",WD134,International Business,289,350
"Waterford Institute of Technology",WD137,Design (Visual Communications),253,373
"Waterford Institute of Technology",WD140,Laws,290,352
"Waterford Institute of Technology",WD144,Architecture,283,385
"Waterford Institute of Technology",WD147,Pharmaceutical Science,298,363
"Waterford Institute of Technology",WD148,Tourism Marketing,269,338
"Waterford Institute of Technology",WD149,Early Childhood Studies,288,336
"Waterford Institute of Technology",WD150,Criminal Justice Studies,271,311
"Waterford Institute of Technology",WD152,Visual Art,253,323
"Waterford Institute of Technology",WD161,Computer Forensics and Security,262,401
"Waterford Institute of Technology",WD162,Quantity Surveying,260,320
"Waterford Institute of Technology",WD163,Psychology,390,429
"Waterford Institute of Technology",WD186,Sports Coaching and Performance,276,327
"Waterford Institute of Technology",WD187,Social Science,271,321
"Waterford Institute of Technology",WD191,Agricultural Science,378,421
"Waterford Institute of Technology",WD192,Social Care Practice,279,323
"Waterford Institute of Technology",WD193,Marketing and Digital Media,290,358
"Waterford Institute of Technology",WD194,Culinary Arts,235,331
"Waterford Institute of Technology",WD195,Architectural and Building Information Modelling Technology,266,305
"Waterford Institute of Technology",WD200,Arts (options),221,296
"Waterford Institute of Technology",WD210,Software Systems Development,271,329
"Waterford Institute of Technology",WD211,Creative Computing,275,322
"Waterford Institute of Technology",WD212,Recreation and Sport Management,274,311
"Waterford Institute of Technology",WD230,Mechanical and Manufacturing Engineering,273,348

