Code,Title,points_r1_2021,points_r1_2020,points_r1_2019
AL801,Software Design for Virtual Reality and Gaming,300,,304
AL802,Software Design in Artificial Intelligence for Clo,313,,301
AL803,Software Design for Mobile Apps and Connected Devi,350,,309
AL805,Computer Engineering for Network Infrastructure,321,,329
AL810,Quantity Surveying,328,,307
AL811,Civil Engineering,,,
AL820,Mechanical and Polymer Engineering,327,,300
AL830,General Nursing,451,,410
AL832,Mental Health Nursing,440,,387
AL835,Pharmacology,356,,
AL836,Nutrition and Health Science,346,,352
AL837,Sports Science with Exercise Physiology,357,,351
AL838,Biotechnology,324,,302
AL839,Microbiology,325,,322
AL840,Pharmaceutical Sciences,346,,328
AL841,Athletic and Rehabilitation Therapy,477,,423
AL842,Bioveterinary Science,338,,310
AL843,Physical Activity and Health Science,306,,310
AL849,Culinary Entrepreneurship,297,,
AL850,Business,309,,307
AL851,Business and Law,302,,301
AL852,Accounting,336,,290
AL854,Sport Management (with international placement),300,,
AL855,Hospitality Management (with international placeme,309,,312
AL857,Digital Marketing,304,,300
AL859,International Business,308,,
AL860,Social Care Practice,301,,309
AL861,Aniion and Illustration (portfolio),575,,615
AL863,Graphic and Digital Design (portfolio),747,,703
AL864,Early Years Care and Education,306,,307
AL870,Applied Psychology,484,,409
CW018,Business (options),307,,327
CW028,Early Childhood Education and Care,260,,252
CW038,Art (portfolio),700,,700
CW058,Tourism and Event Management,292,,252
CW068,Applied Social Studies in Professional Social Care,250,,251
CW078,Sustainable Farm Management and Agribusiness,270,,266
CW088,Visual Communications and Design,270,,309
CW108,Science (options),266,,261
CW128,Brewing and Distilling,307,,271
CW138,Sport and Exercise Science,430,,
CW148,Strength and Conditioning,388,,
CW188,Sport Rehabilitation and Athletic Therapy,451,,454
CW208,Computer Games Development,272,,281
CW238,Software Development,295,,300
CW248,Inforion Technology Management,293,,307
CW258,Cybercrime and IT Security,292,,300
CW268,Computing in Interactive Digital Art and Design,291,,274
CW438,Construction (options),260,,271
CW468,Architectural Technology,291,,252
CW478,Civil Engineering,465,,348
CW548,Mechanical Engineering,330,,310
CW558,Electronic Systems,280,,279
CW568,Aerospace Engineering,371,,366
CW578,TV and Media Production,318,,327
CW708,Law - LLB,292,,298
CW728,Product Design Innovation,246,,286
CW748,Early Childhood Education and Care,290,,265
CW758,Professional Social Care Practice,360,,290
CW808,Media and Public Relations,247,,248
CW848,Digital Marketing with Analytics,269,,279
CW858,Sports Management and Coaching (options  portfolio,700,,700
CW908,Business (options),272,,260
CW938,Business with Law,270,,270
CW948,Accounting,319,,301
PC405,Social  Political and Community Studies,263,,251
PC410,Arts and Humanities (fulfils Teaching Council requ,262,,203
PC411,English and History (fulfils Teaching Council requ,243,,168
CR105,Chemical and Biopharmaceutical Engineering,443,,432
CR106,Software Development,431,,351
CR108,Mechanical Engineering,434,,425
CR109,Structural Engineering,396,,341
CR110,Automotive Business Management and Technology,336,,318
CR112,Creative Digital Media at CIT Crawford College of,390,,335
CR116,Computer Systems,365,,318
CR121,Music at CIT Cork School of Music,904,,633
CR125,Popular Music at CIT Cork School of Music,1028,,972
CR130,Musical Theatre at CIT Cork School of Music,525,,500
CR150,Business Inforion Systems,350,,326
CR210,Contemporary Applied Art (Ceramics  Glass  Textile,450,+ric,979
CR220,Fine Art at CIT Crawford College of Art and Design,400,+ric,620
CR225,Photography with New Media at CIT Crawford College,435,+ric,920
CR305,Physical Sciences (Common Entry),260,,279
CR310,IT Management,347,,282
CR320,Biomedical Science - Offered jointly by CIT and UC,590,,546
CR325,Pharmaceutical Biotechnology,466,,388
CR333,Nutrition and Health Science,425,,360
CR335,Biological Sciences (Common Entry),473,,381
CR340,Analytical Chemistry with Quality Assurance,327,,288
CR360,Instrument Engineering,301,,291
CR365,Environmental Science and Sustainable Technology,262,,334
CR370,Agri-Biosciences,368,,408
CR400,Accounting,315,,316
CR420,Marketing,290,,288
CR425,International Business with Language,279,,300
CR430,Sport and Exercise Management,402,,
CR435,Coaching Science and Sports Pedagogy,410,,
CR440,Montessori Education,409,,
CR500,Engineering (Common Entry),475,,381
CR510,Sustainable Energy Engineering,320,,319
CR520,Biomedical Engineering,444,,434
CR560,Architectural Technology,375,,288
CR565,Interior Architecture,431,,336
CR570,Quantity Surveying,375,,279
CR572,Construction Management,300,,253
CR580,Electrical Engineering,342,,344
CR590,Electronic Engineering,329,,342
CR600,Visual Communications at CIT Crawford College of A,280,+ric,587
CR660,Tourism Management,246,,249
CR700,Theatre and Drama Studies at CIT Cork School of Mu,609,,768
CR930,Home Economics and Business,518,,
CK101,Arts - 3 years,300,,300
CK102,Social Science,434,,391
CK104,Arts with Music - 3 or 4 years (BMus or Chinese/Eu,339,,340
CK105,Film and Screen Media - 3 years or 4 years (Intern,421,,397
CK107,Geographical and Archaeological Sciences - 3 or 4,312,,326
CK108,Arts International - 4 years,440,,429
CK109,English - 3 years or 4 years (International Pathwa,367,,347
CK110,World Languages,488,,456
CK111,Early Years and Childhood Studies,409,,398
CK112,Theatre and Perforive Practices - 3 or 4 years,371,,324
CK113,Criminology - 3 years or 4 years (International Pa,464,,408
CK114,Social Science (Youth and Community Work),,,
CK115,Social Work - Mature Applicants only,,,
CK118,Digital Humanities and IT - 3 or 4 years (Work Exp,347,,307
CK120,Applied Psychology,544,,506
CK121,Psychology and Computing - 3 or 4 years (Work Expe,499,,393
CK122,Government and Political Science,399,,355
CK123,Anthropology,308,,
CK124,Education - Gaeilge,473,,
CK125,Sports Studies and Physical Education,564,,
CK201,Commerce,500,,465
CK202,Accounting,553,,467
CK203,Business Inforion Systems,455,,409
CK204,Finance,566,,531
CK205,Commerce (International) with French,465,,409
CK206,Commerce (International) with German,466,,408
CK207,Commerce (International) with Italian,423,,408
CK208,Commerce (International) with Hispanic Studies,488,,431
CK209,Commerce (International) with Irish,507,,509
CK211,Commerce (International) with Chinese Studies,385,,398
CK212,Economics (through Transforional Learning) 3 or,445,,400
CK213,Food Marketing and Entrepreneurship,466,,
CK214,International Development,332,,
CK301,Law (Pathways) -  3 or 4 years,533,,476
CK302,Law and French,545,,453
CK304,Law and Irish,588,,462
CK307,Law and Business,589,,522
CK401,Computer Science,503,,402
CK402,Biological and Chemical Sciences,555,,498
CK404,Biological  Earth and Environmental Sciences,500,,412
CK405,Genetics,543,,476
CK406,Chemical Sciences,532,,457
CK407,Matheical Sciences,566,,531
CK408,Physics and Astrophysics,566,,511
CK409,Industrial Physics - Offered jointly by UCC and CI,465,,413
CK411,Data Science and Analytics,531,,509
CK412,Agricultural Science,506,,457
CK504,Nutritional Sciences,555,,492
CK505,Food Science,463,,444
CK600,Engineering,510,,465
CK606,Architecture - Offered jointly by UCC and CIT,543,,465
CK701,Medicine (Undergraduate Entry - HPAT required),738,,729
CK702,Dentistry,625,,590
CK703,Pharmacy,613,,577
CK704,Occupational Therapy,601,,532
CK705,Speech and Language Therapy,568,,509
CK706,Public Health Sciences,500,,419
CK707,Medical and Health Sciences,578,,510
CK710,General Nursing,498,,440
CK712,Children`s and General Nursing (Integrated),565,,499
CK720,Mental Health Nursing,455,,398
CK730,Intellectual Disability Nursing,431,,359
CK740,Midwifery,509,,444
CK791,Medicine  - Graduate Entry (GAMSAT required),60,,58
AC120,International Business,294,,234
AC137,Liberal Arts,271,,252
CT125,Computing and IT,242,,235
CT325,Business,253,,
CM001,Education - Primary Teaching,508,,452
CM002,Education - Primary Teaching - Gaeltacht Applicant,462,,421
CM003,Oideachas � Bunmh�inteoireacht Tr� Mhe�n na Gaeilg,513,,491
CM004,Oideachas - Bunmh�inteoireacht Tr� Mhe�n na Gaeilg,480,,492
CM010,Education Studies,382,,317
CM020,Early Childhood Education,317,,336
DB500,Computing,234,,242
DB501,Computing (Cloud Computing),,,326
DB502,Computing (Data Analytics and Big Data),267,,269
DB503,Computing (Software Development),,,242
DB504,Computing (Web and Mobile Technology),,,227
DB510,Audio Production and Music Project Management,217,,233
DB512,Business Studies,243,,229
DB514,Business Studies (Law),239,,269
DB515,Business Studies (Human Resource Management),242,,225
DB517,Marketing (Event Management),233,,226
DB518,Marketing (Digital Media),307,,210
DB521,Accounting and Finance,243,,225
DB524,Business (Inforion Systems),247,,402
DB525,Marketing (Digital Media and Cloud Computing),288,,284
DB526,Business (Cloud Computing),244,,253
DB527,Applied Social Care,254,,235
DB531,Marketing,288,,220
DB562,Psychology,244,,208
DB566,Social Science,262,,216
DB567,Film and Creative Media,245,,192
DB568,Law,254,,245
DB569,Business (Psychology),240,,279
DC001,Education - Early Childhood Education,445,,398
DC002,Education - Primary Teaching,518,,462
DC003,Education - Primary Teaching - Gaeltacht Applicant,489,,433
DC004,Education - Primary Teaching (Church of Ireland Ce,451,,357
DC009,Arts (Joint Honours) - Humanities,356,,347
DC010,Post Primary Teacher Education - Religious Educati,384,,386
DC011,Post Primary Teacher Education - Religious Educati,409,,352
DC012,Post Primary Teacher Education - Religious Educati,409,,367
DC013,Post Primary Teacher Ed - Gaeilge with French/Germ,413,,410
DC014,BA in Jazz and Contemporary Music Performance (aud,311,,428
DC110,Business Studies International,498,,440
DC111,Business Studies,511,,463
DC112,Global Business (France),542,,495
DC113,Global Business (Germany),484,,440
DC114,Global Business (Spain),544,,501
DC115,Accounting and Finance,544,,487
DC116,Global Business (USA),613,,578
DC117,Aviation Management / Aviation Management with Pil,484,,463
DC118,Gn� agus Gaeilge / Business and Irish,368,,357
DC119,Global Business (Canada),601,,566
DC120,Computing for Business,403,,350
DC121,Computer Science,475,,370
DC123,Data Science,501,,467
DC126,Actuarial Matheics,577,,520
DC127,Common Entry into Actuarial and Financial Mathe,541,,509
DC131,Communication Studies,421,,400
DC132,Journalism,452,,401
DC133,Multimedia,435,,403
DC155,Applied Language and Translation Studies,427,,371
DC161,Analytical Science,498,,446
DC162,Chemical and Pharmaceutical Sciences,531,,488
DC163,Chemical Sciences General Entry (Undenominated Ent,466,,
DC166,Environmental Science and Technology,423,,412
DC168,Genetics and Cell Biology,543,,489
DC175,Physics General Entry (options),400,,
DC180,Biological Sciences General Entry (Undenominated E,530,,
DC181,Biotechnology,530,,476
DC190,Electronic and Computer Engineering (with choice o,488,,391
DC193,Mechatronic Engineering,490,,404
DC194,Sustainable Systems and Energy,476,,
DC195,Mechanical and Manufacturing Engineering,500,,401
DC197,Biomedical Engineering,510,,402
DC200,Common Entry into Engineering (Undenominated Entry,511,,381
DC202,Sport Science and Health,511,,467
DC203,Science Education,462,,424
DC204,Athletic Therapy and Training,558,,484
DC205,Physical Education with Biology,565,,490
DC206,Physical Education with Matheics,521,,443
DC207,Psychology and Matheics,521,,
DC208,Psychology,565,,509
DC209,Health and Society,477,,419
DC210,Psychology and Disruptive Technologies,506,,
DC215,General Nursing,456,,414
DC216,Mental Health Nursing,420,,368
DC217,Intellectual Disability Nursing,382,,347
DC218,Children`s and General Nursing (Integrated),521,,467
DC230,Economics  Politics and Law,431,,400
DC231,International Relations,398,,387
DC232,Law and Society (BCL),469,,453
DC235,Education and Training - Daytime and Flexible Deli,302,,307
DC238,Social Sciences and Cultural Innovation,387,,358
DC240,Marketing  Innovation and Technology,499,,451
DC241,Digital Business and Innovation,509,,
DC291,Arts (Joint Honours) - Media Studies,350,,349
DC292,Arts (Joint Honours) - Law,400,,356
DC293,Arts (Joint Honours) - International Languages,379,,369
DC294,Clie and Environmental Sustainability,475,,
DC295,Arts (Joint Honours) - Politics,349,,348
DL822,Arts Management,254,,209
DL823,Business Management,220,,260
DL825,Applied Psychology,418,,349
DL826,Graphic Design,591,,736
DL827,Art,574,,583
DL832,Aniion,989,,855
DL833,Photography and Visual Media,671,,636
DL836,Creative Computing,235,,217
DL837,New Media Studies,298,,290
DL838,Creative Music Production,713,,746
DL839,Interaction and User Experience Design,757,,
DL840,Digital Marketing,210,,
DL841,English and Equality Studies,277,,
DL843,Film,987,,
DL844,Television,566,,
DL845,Design for Film (degree options),628,,
GC200,Business,269,,269
GC201,Accounting and Finance,260,,251
GC230,Computing Science,300,,228
GC300,Business,264,,251
GC301,Accounting and Finance,,,307
GC302,Business - HRM,377,,269
GC307,Business (Marketing),289,,
GC400,Business,250,,246
GC401,Accounting and Finance,242,,181
GC402,Business (HRM),,,217
GC403,Law,245,,225
GC407,Business (Marketing),264,,246
GC430,Computing Science,251,,217
GC450,Communications and Media Production,225,,227
GC462,Design Communication (portfolio),300,,
GC489,Interior Architecture (portfolio),288,,267
GC494,Fashion Design (portfolio),351,,
BY001,Business,210,,
ID001,Accounting and Finance,,,229
ID002,Business Studies,,,285
AD101,First Year Art and Design (Common Entry portfolio),554,+ric,
AD102,Graphic Design and Moving Image Design (portfolio),538,+ric,
AD103,Textile and Surface Design and Jewellery and Objec,505,+ric,
AD202,Education and Design or Fine Art (Second Level Tea,591,+ric,
AD204,Fine Art (portfolio),514,+ric,
AD211,Fashion Design (portfolio),760,+ric,
AD212,Product Design (portfolio),413,+ric,
AD215,Visual Culture,337,,300
AD217,Illustration (portfolio),738,+ric,
AD222,Interaction Design (portfolio),444,+ric,
NC003,Computing (Degree Award options),271,,261
NC005,Human Resource Management,301,,297
NC009,Business,300,,297
NC010,Psychology,420,,366
NC020,Marketing Practice,270,,270
NC022,Accounting and Finance,330,,338
NC023,Technology Management (with specialisations),266,,260
NC030,Early Childhood Education and Care,251,,
RC001,Medicine - Undergraduate Entry (HPAT required),741,,729
RC004,Physiotherapy,589,,532
RC005,Pharmacy,613,,555
RC101,Medicine - Graduate Entry (GAMSAT required),,,60
NM801,Montessori Education,262,,
NM802,Psychology,228,,
TU801,Sustainable Energy Engineering,235,,
TU802,Electrical Services and Energy Management,309,,
TU804,Engineering (Common Entry with Award options),270,,
TU805,Engineering (General Entry),466,,
TU807,Computer Engineering in Mobile Systems,274,,
TU810,Mechatronic Engineering,271,,
TU811,Product Design,440,,
TU812,Design Technology and Innovation,278,,
TU814,Sustainable Transport Management,253,,
TU828,Mechanical Engineering (General Entry),300,,
TU829,Electronic Engineering (General Entry),248,,
TU831,Architectural Technology,423,,
TU832,Architecture (Suitability Test and Interview),644,,
TU833,Construction Management,396,,
TU834,Geographic Science,315,,
TU835,Planning and Environmental Management,330,,
TU836,Property Economics (Valuation Surveying),411,,
TU837,Quantity Surveying and Construction Economics,413,,
TU838,Sustainable Timber Technology,307,,
TU851,Analytical Chemistry (Environmental  Forensic and,400,,
TU852,Chemical Sciences with Medicinal Chemistry,477,,
TU854,Science (General Entry),510,,
TU855,Science with Nanotechnology,322,,
TU856,Computer Science,499,,
TU857,Computer Science (Infrastructure),403,,
TU858,Computer Science (International),395,,
TU859,Computing,251,,
TU860,Computing (Inforion Technology),270,,
TU861,Computing with Language (French/German/Spanish),235,,
TU862,Computing with Artificial Intelligence Machine Lea,262,,
TU863,Digital Forensics and Cyber Security,282,,
TU864,DNA and Forensic Analysis,500,,
TU865,Cloud Computing,235,,
TU866,Biomedical and Molecular Diagnostics,522,,
TU867,Biomedical Science,576,,
TU868,Clinical Measurement Science,542,,
TU869,Environmental Health,387,,
TU870,Human Nutrition and Dietetics,601,,
TU871,Optometry,532,,
TU872,Public Health Nutrition,487,,
TU874,Matheical Sciences,294,,
TU875,Pharmaceutical Healthcare,451,,
TU876,Pharmaceutical Science,445,,
TU877,Physics Technology,314,,
TU878,Physics with Energy and Environment,339,,
TU879,Physics with Medical Physics and Bioengineering,346,,
TU880,Physics with Data Science,412,,
TU881,Food Innovation,309,,
TU882,Nutraceuticals in Health and Nutrition,380,,
TU902,Business (options),270,,
TU903,Business and Management,477,,
TU904,Business and Law,462,,
TU905,Economics and Finance,460,,
TU906,Human Resource Management,386,,
TU907,Logistics and Supply Chain Management,300,,
TU910,Accounting,420,,
TU912,Business Analytics,331,,
TU914,Business Computing,322,,
TU917,Law (LLB ) with a Language,356,,
TU918,Law (LLB),463,,
TU919,Advertising and Marketing Communications,219,,
TU920,Digital Marketing,270,,
TU921,Digital Marketing Technologies,230,,
TU922,Marketing,412,,
TU924,E-Commerce in Retailing,307,,
TU925,Retail and Services Management,307,,
TU932,Business (options),211,,
TU933,Accounting and Finance (campus options),251,,
TU935,Sports Management and Coaching,300,,
TU936,Sports Science and Health,484,,
TU941,Botanical Cuisine,311,,
TU942,Culinary Arts,252,,
TU943,Culinary Entrepreneurship,261,,
TU944,Culinary Science,336,,
TU951,International Hospitality and Tourism Management,244,,
TU952,International Hospitality Management,309,,
TU953,Tourism and Digital Marketing,308,,
TU954,Event Management,326,,
TU955,Sports and Leisure Management,275,,
TU961,Commercial Modern Music (BIMM - assessment/auditio,536,,
TU962,Drama (Performance  audition),448,,
TU963,Music (audition),364,,
TU965,International Business and Languages,357,,
TU967,Languages and International Tourism,298,,
TU973,Design - Visual Communication (portfolio),700,,
TU974,Fine Art (portfolio),549,,
TU975,Interior Design (portfolio),544,,
TU976,Photography (portfolio),700,,
TU978,Creative Industries and Visual Culture,299,,
TU981,Creative Digital Media,280,,
TU982,Media Production and Digital Arts,369,,
TU983,Film and Broadcasting,462,,
TU984,Game Design,414,,
TU985,Journalism,367,,
TU989,Early Childhood Care and Education (campus options,270,,
TU991,Applied Social Studies in Social Care,326,,
TU992,Community Development and Youth Work,251,,
TU995,Early Childhood Education,378,,
TU996,Social Care,407,,
TU997,Applied Social Care,320,,
TR002,Music,508,,414
TR003,History,552,,486
TR004,Law,590,,532
TR005,Philosophy,510,,391
TR006,Psychology,601,,555
TR007,Clinical Speech and Language Studies,564,,499
TR009,Music Education,496,,430
TR015,Philosophy  Political Science  Economics and Socio,613,,566
TR016,Deaf Studies,389,,337
TR018,Law and French,602,,532
TR019,Law and German,577,,523
TR021,Classics  Ancient History and Archaeology,467,,377
TR022,Early and Modern Irish,377,,347
TR023,English Studies,546,,463
TR024,European Studies,566,,520
TR025,Drama and Theatre Studies,543,,489
TR028,Ancient and Medieval History and Culture,498,,339
TR031,Matheics,579,,566
TR032,Engineering,556,,487
TR033,Computer Science,566,,465
TR034,Management Science and Inforion Systems Studies,625,,589
TR035,Theoretical Physics,590,,554
TR038,Engineering with Management,589,,499
TR039,Computer Science  Linguistics and a Language,443,,435
TR040,Middle Eastern and European Languages and Cultures,520,,485
TR041,Religion,417,,347
TR042,Film,531,,
TR043,History of Art and Architecture,498,,
TR051,Medicine (HPAT required),743,,730
TR052,Dental Science,625,,590
TR053,Physiotherapy,590,,533
TR054,Occupational Therapy,578,,500
TR055,Radiation Therapy,577,,510
TR056,Human Health and Disease,601,,543
TR060,Biological and Biomedical Sciences,578,,510
TR061,Chemical Sciences,558,,488
TR062,Geography and Geoscience,495,,435
TR063,Physical Sciences,554,,498
TR064,Environmental Science and Engineering,555,,
TR072,Pharmacy,613,,555
TR080,Global Business,613,,565
TR081,Business  Economic and Social Studies (BESS),577,,518
TR084,Social Studies (Social Work),497,,420
TR085,Business Studies and French,564,,509
TR086,Business Studies and German,530,,474
TR087,Business Studies and Russian,487,,467
TR089,Business Studies and Polish,391,,393
TR090,Business Studies and Spanish,566,,510
TR091,General Nursing (Meath and St James`s),462,,393
TR093,General Nursing (Adelaide School of Nursing),473,,378
TR095,Mental Health Nursing,442,,358
TR097,Intellectual Disability Nursing,412,,346
TR911,Children`s and General Nursing (Integrated),531,,476
TR913,Midwifery,521,,423
DN100,Architecture,555,,473
DN120,Landscape Architecture,463,,353
DN130,City Planning and Environmental Policy,445,,367
DN150,Engineering (Common Entry),565,,511
DN200,Science (options),577,,521
DN201,Computer Science (Common Entry),554,,488
DN230,Actuarial and Financial Studies,613,,577
DN240,Sustainability,510,,
DN250,Agricultural Science (options),454,,420
DN261,Food Science,531,,434
DN262,Human Nutrition,566,,493
DN300,Veterinary Medicine - Undergraduate Entry,601,,567
DN301,Veterinary Medicine - Graduate Entry (GAMSAT requi,,,
DN310,Veterinary Nursing,521,,441
DN400,Medicine - Undergraduate Entry (HPAT required),743,,735
DN401,Medicine - Graduate Entry (GAMSAT required),61,,59
DN410,Radiography,566,,507
DN411,Radiography - Graduate Entry,,,
DN420,Physiotherapy,601,,542
DN425,Health and Performance Science,544,,488
DN430,Sport and Exercise Management,484,,436
DN440,Biomedical  Health and Life Sciences,613,,565
DN450,General Nursing,462,,398
DN451,Children`s and General Nursing (Integrated),533,,462
DN452,Midwifery,510,,409
DN453,Mental Health Nursing,442,,379
DN520,Joint Honours (options),381,,336
DN530,Humanities (options),397,,348
DN541,Modern Languages (options),320,,348
DN600,Law (options),576,,520
DN610,Business and Law,573,,521
DN650,Commerce,555,,498
DN660,Commerce International (options),555,,507
DN670,Economics and Finance,625,,601
DN700,Social Sciences (options),475,,388
DN710,Economics,534,,476
DN720,Psychology,566,,517
DN750,Social Policy and Sociology,421,,330
DK810,Accounting and Finance,307,,306
DK816,Business Studies,301,,300
DK820,Computing in Games Development,309,,307
DK821,Computing in Software Development,320,,301
DK822,Augmented and Virtual Reality,320,,
DK830,Building Surveying,305,,302
DK831,Architectural Technology,368,,301
DK832,Construction Management,358,,300
DK843,Engineering (Common Entry),404,,303
DK844,Mechanical Engineering,336,,
DK845,Electrical and Electronic Engineering,331,,
DK846,Civil Engineering,371,,
DK850,International Tourism Management,303,,
DK861,Arts,302,,300
DK862,Social Care,322,,300
DK863,Creative Media,336,,300
DK864,Film and Television Production,308,,300
DK865,Audio and Music Production,352,,301
DK870,General Nursing,440,,392
DK872,Intellectual Disability Nursing,367,,300
DK874,Mental Health Nursing,398,,356
DK876,Early Childhood Studies,300,,305
DK877,Midwifery,482,,398
DK880,Health and Physical Activity,301,,300
DK882,Agriculture (Award options),342,,303
DK883,Science (Award options),373,,300
DK884,Sustainable Agriculture,348,,
DK885,Agri-Food Production,,,
DK886,Biopharmaceutical Science,379,,
DK887,Environmental Science,377,,
GA181,Accounting,303,,303
GA182,Business,285,,290
GA183,Business Inforion Systems,298,,309
GA184,Marketing and Sales,300,,307
GA185,Finance and Economics,318,,307
GA186,Business with Entrepreneurship,287,,297
GA187,Rural Enterprise and Agri-Business,291,,280
GA281,Film and Documentary,310,,287
GA282,Heritage Studies,252,,238
GA283,Contemporary Art (portfolio),790,,260
GA284,Design,331,,309
GA285,Education (Art  Design and Graphics),406,,
GA380,International Hotel Management,218,,225
GA381,International Tourism Management,252,,261
GA382,Culinary and Gastronomic Science,235,,225
GA384,Event Management with Public Relations,230,,209
GA480,Construction Management,302,,260
GA482,Quantity Surveying and Construction Economics,304,,280
GA483,Architectural Technology,281,,251
GA484,Civil Engineering,377,,270
GA580,Software and Electronic Engineering,300,,301
GA680,Mechanical Engineering,400,,336
GA681,Energy Engineering,312,,281
GA682,Biomedical Engineering,331,,331
GA683,Agricultural Engineering,304,,301
GA684,Engineering Common Entry to Manu/Agri/Biomed/Energ,413,,346
GA685,Manufacturing Engineering Design,336,,
GA780,Applied Freshwater and Marine Biology,366,,300
GA781,Applied Biology and Biopharmaceutical Science,381,,317
GA782,Chemical and Pharmaceutical Science,356,,307
GA783,Physics and Instrumentation,301,,373
GA784,Science (Undenominated),445,,327
GA785,Medical Science,517,,451
GA786,Forensic Science and Analysis,408,,300
GA787,Computing in Software Development,310,,275
GA788,Computing and Digital Media,270,,270
GA789,Agriculture and Environmental Management,340,,297
GA790,Sport and Exercise Science,376,,350
GA791,Public Health Nutrition,368,,364
GA880,General Nursing,440,,389
GA882,Psychiatric Nursing,369,,346
GA885,Outdoor Education,269,,210
GA887,History and Geography,201,,228
GA889,Applied Social Care,265,,260
GA890,Early Childhood Education and Care,281,,278
GA891,Geography and Outdoor Education,261,,
GA892,Community Development and Youth Work (Level 8),,,
GA980,Education (Design Graphics and Construction),410,,376
GA981,Furniture Design and Manufacture,346,,271
GA982,Furniture Making and Architectural Woodworking,360,,270
GA983,Furniture and Digital Manufacturing,,,
GA984,Furniture Design  Making and Technology - Common E,486,,
GY101,Arts (Joint-Honours),327,,300
GY104,BSc (Psychology),564,,507
GY105,Arts (History),357,,318
GY109,Arts (Matheics and Education),413,,411
GY110,Arts (Children and Youth Studies - options),387,,382
GY111,Arts (English and Creative Writing),421,,402
GY113,Arts with Human Rights,413,,338
GY115,Arts with Performing Arts Studies,300,,328
GY118,Arts (Drama  Theatre and Performance Studies),453,,410
GY119,Arts (Journalism),484,,410
GY122,Na D�na (Cumars�id agus Gaeilge),410,,308
GY123,Applied Social Sciences,419,,357
GY125,Arts (Digital Arts and Technology),403,,324
GY127,Arts (Film and Digital Media),430,,387
GY128,Arts (Global Languages),346,,370
GY129,Arts (Global Experience),465,,408
GY130,Arts (Music),462,,400
GY132,Government (Politics  Economics and Law),465,,402
GY133,Education (Computer Science and Matheical Studi,454,,401
GY134,Geography and Geosystems,425,,
GY135,Arts (Global Media),442,,
GY136,Na D�na (L�ann Teanga - options),526,,
GY201,Commerce,476,,420
GY202,Commerce (International) with French,520,,484
GY203,Commerce (International) with German,518,,489
GY204,Commerce (International) with Spanish,506,,484
GY206,Business Inforion Systems (Work Placement and O,509,,431
GY207,Commerce (Accounting) including optional Global Ex,543,,486
GY208,Commerce (Gaeilge),508,,473
GY209,Commerce (Global Experience),551,,509
GY250,Law and Business,510,,436
GY251,Law (BCL),542,,473
GY252,Law (BCL) and Human Rights,565,,510
GY253,Law and Taxation,506,,
GY254,Law (BCL)  Criminology and Criminal Justice,548,,
GY261,Business Studies in International Hotel Management,503,,486
GY262,Commerce in International Hotel Management (interv,709,,671
GY301,Science,489,,400
GY303,Biomedical Science,613,,533
GY304,Biotechnology,498,,473
GY308,Environmental Science,431,,413
GY309,Financial Matheics and Economics,509,,454
GY310,Marine Science,467,,409
GY313,Environmental Health and Safety,412,,402
GY314,Earth and Ocean Sciences,422,,402
GY318,Biopharmaceutical Chemistry,555,,510
GY319,Matheical Science,543,,456
GY320,Physics (Degree options: Applied Astrophysics Biom,465,,401
GY321,Genetics and Genomics,532,,
GY322,Agricultural Sciences,485,,
GY350,Computer Science and Inforion Technology,495,,425
GY401,Engineering (Undenominated),522,,444
GY402,Civil Engineering,533,,509
GY405,Mechanical Engineering,541,,443
GY406,Electronic and Computer Engineering,555,,509
GY408,Biomedical Engineering,554,,519
GY410,Project and Construction Management,431,,434
GY413,Energy Systems Engineering,509,,532
GY414,Electrical and Electronic Engineering,433,,454
GY501,Medicine (five year/six year course  HPAT required,737,,726
GY502,Occupational Therapy,601,,532
GY503,Speech and Language Therapy,578,,529
GY504,Podiatric Medicine,531,,434
GY515,General Nursing (Galway and Portiuncula),502,,442
GY516,Mental Health Nursing,475,,388
GY517,Midwifery,520,,429
LY108,Business - Accounting,312,,318
LY118,Business,288,,287
LY128,Marketing with Online Technologies,261,,
LY208,Law,300,,300
LY228,Sports and Exercise - Common Entry,290,,278
LY408,Design - Common Entry,301,,307
LY508,Fire Safety Engineering,283,,270
LY518,Quantity Surveying,304,,307
LY528,Construction Management,262,,267
LY538,Architectural Technology,234,,
LY608,Mechanical Engineering,300,,304
LY618,Electronic Engineering,321,,307
LY708,Applied Computing,320,,300
LY748,Computer Science,316,,
LY818,Science - Common Entry,302,,302
LY828,Agriculture - Common Entry,308,,300
LY908,General Nursing,429,,383
LY918,Psychiatric Nursing,367,,291
LY928,Intellectual Disability Nursing,357,,288
LY968,Early Childhood Care  Health and Education,288,,300
LY978,Health and Social Care - Common Entry,279,,260
MI001,Contemporary and Applied Theatre Studies,209,,345
MI002,Arts,280,,300
MI004,Education - Primary Teaching - International,589,,
MI005,Education - Primary Teaching,522,,473
MI006,Education - Primary Teaching - Gaeltacht Applicant,485,,442
MI007,Early Childhood Care and Education,409,,366
MI008,Education and Psychology - Primary Teaching,590,,543
MI009,Education  Business Studies and Accounting,434,,392
MI010,Education  Business Studies and Religious Studies,370,,326
MI011,Education  Gaeilge and Religious Studies,407,,377
MI012,Education  Gaeilge and Business Studies,387,,398
MI013,Education  Matheics and Gaeilge,509,,433
MI014,Education  Matheics and Business Studies,476,,
CI110,Counselling and Psychotherapy,292,,
CI111,Counselling and Psychotherapy with Addiction Studi,290,,
CI112,Counselling and Psychotherapy with Youth Studies,325,,
LC110,Art and Design (Common Entry  portfolio),794,,734
LC114,Fashion and Textiles for Product and Costume (port,914,,900
LC115,Art and Design Teacher Education (LIT and UL  port,993,,
LC220,Digital Marketing,263,,254
LC223,Law and Taxation,331,,308
LC224,Accounting and Finance,300,,299
LC225,Marketing and Management,298,,298
LC226,Enterprise and Innovation,255,,216
LC233,Software Development,280,,300
LC234,Immersive Digital Media and Spatial Computing,226,,219
LC236,Internet Systems Development,260,,298
LC239,Computer Networks and Systems Management,317,,335
LC241,Construction Management,326,,276
LC242,Property Valuation and Management,308,,292
LC243,Quantity Surveying,278,,281
LC248,Built Environment (Common Entry),300,,307
LC252,Civil Engineering Management,264,,281
LC263,Medical Technology,391,,282
LC265,Forensic and Pharmaceutical Sciences,498,,335
LC266,Drug and Medicinal Product Analysis,252,,236
LC275,Electrical Engineering,361,,288
LC288,Mechanical Engineering,378,,307
LC289,Precision Engineering,261,,280
LC292,Social Care Work,374,,360
LC293,Business Studies with Travel and Tourism Managemen,271,,299
LC294,Business Studies with Event Management,279,,271
LC295,Business Studies with Sports Management,262,,263
LC297,Community and Addiction Studies,272,,217
LC320,Business,381,,337
LC330,Business with Computing,328,,298
LC340,Interior Design,391,,298
LC362,Biotechnology and Biopharmaceutical Sciences,429,,379
LC371,Creative Broadcast and Film Production,325,,298
LC372,Music Technology and Production,377,,321
LC374,Renewable and Electrical Energy Engineering,337,,317
LC375,Industrial Autoion and Robotic Systems,309,,321
LC376,Electronic Engineering with Computer Systems,357,,308
LC380,Automotive Engineering and Transport Management,298,,282
LC392,Business Studies in Beauty and Spa Management,328,,217
LC393,Early Childhood Education and Care,309,,260
LC402,Social Care Work,228,,209
LC408,Environmental Science and Clie,279,,262
LC416,Business,260,,
LC418,Computing - Games Design and Development,260,,271
LC422,Applied Strength and Conditioning,289,,288
LC502,Game Art and Design (portfolio),841,,838
LC517,Creative Media and Design,279,,229
LC518,Digital Aniion Production (portfolio),807,,816
LC612,Social Care Work,309,,319
LM002,Arts,360,,329
LM019,Social Sciences,451,,
LM020,Law and Accounting,474,,436
LM026,Performing Arts (audition for TBC),329,,307
LM028,Criminal Justice,420,,387
LM029,Law Plus,530,,473
LM038,Psychology and Sociology,530,,478
LM039,Journalism and Digital Communication,432,,388
LM040,European Studies,409,,350
LM044,Applied Languages,429,,404
LM050,Business Studies (options),451,,419
LM056,International Business,555,,511
LM058,Financial Matheics,468,,434
LM063,Technology Management,410,,372
LM066,Environmental Science,430,,
LM068,Food Science and Health,464,,400
LM076,Product Design and Technology (portfolio required),401,,402
LM077,Aeronautical Engineering,567,,469
LM082,Construction Management and Engineering,446,,368
LM089,Sport and Exercise Sciences,498,,441
LM090,Physical Education with concurrent Teacher Educati,552,,498
LM091,Languages with concurrent Teacher Education,506,,
LM092,Science with Teacher Ed (Biology with Physics/Chem,521,,478
LM093,Equine Science,367,,338
LM094,Materials and Architectural Technology with concur,475,,405
LM095,Materials and Engineering Technology with concurre,425,,358
LM096,Science with Teacher Ed (Physical Sciences with Ch,454,,382
LM097,Matheics and Computer Science with concurrent T,465,,
LM099,Architecture,520,,419
LM100,Physiotherapy,613,,565
LM101,Medicine  - Graduate Entry (GAMSAT required),57,,55
LM102,Psychology,534,,495
LM103,Paramedic Studies (Full B/Provisional C1 Drivers L,429,,313
LM105,Exercise and Health Fitness Management,441,,
LM115,Chemical and Biochemical Engineering,476,,456
LM116,Engineering (Biomedical/Civil/Design and Manufactu,498,,434
LM118,Electronic and Computer Engineering,445,,401
LM121,Computer Science (Computer Systems/Games Dev/Cyber,402,,352
LM122,Creative Media and Interaction Design (Digital Des,382,,330
LM123,Biological and Chemical Sc. (Biosci/Envir Sci/Ind,498,,412
LM124,Matheics (Math Science/Maths and Physics/Econom,455,,427
LM125,Physics (Applied Physics or Matheics and Physic,489,,405
LM150,General Nursing,498,,440
LM152,Mental Health Nursing,478,,388
LM154,Intellectual Disability Nursing,462,,381
LM156,Midwifery,521,,429
MU001,Theology and Arts,294,,290
MU002,Theology,,,292
MH001,Education - Primary Teaching (Froebel),564,,496
MH002,Education - Primary Teaching - Gaeltacht Applicant,,,441
MH003,Early Childhood - Teaching and Learning (full-time,381,,
MH101,Arts,338,,316
MH103,Music,,,
MH106,Psychology - 3 years,554,,495
MH107,Social Science,390,,326
MH109,Media Studies,324,,317
MH116,Community and Youth Work (Full-Time),,,
MH201,Science,401,,350
MH202,Biotechnology,490,,429
MH203,Biological and Geographical Sciences,451,,
MH204,Physics with Astrophysics,422,,420
MH206,Theoretical Physics and Matheics,521,,498
MH207,Data Science,444,,434
MH208,Biological and Biomedical Sciences,543,,451
MH209,Psychology (through Science) - 4 years,529,,473
MH210,Pharmaceutical and Biomedical Chemistry,510,,446
MH212,Science|Maths and Computer Science|Matheics (wi,452,,444
MH304,Engineering (Computer/Electronic/Communications),351,,371
MH305,Product Design,326,,358
MH306,Robotics and Intelligent Devices,362,,361
MH401,Finance (options),370,,352
MH402,Quantitative Finance,476,,476
MH403,Accounting and Finance,424,,402
MH404,Business (options),441,,400
MH407,Business and Accounting,423,,401
MH411,Entrepreneurship,378,,358
MH501,LLB Law - four year Single Major Law programme,507,,451
MH502,Law (options),465,,410
MH601,Computer Science through Arts (options),381,,342
MH602,Computer Science through Science (options),400,,357
MH603,Computational Thinking,520,,520
MH801,Early Childhood - Teaching and Learning (part-time,,,347
MH802,Community and Youth Work (part-time  in service),,,
MH803,Local Studies/Community Studies (part-time  evenin,,,
AS001,Education  Home Economics and Biology - with concu,542,,456
AS002,Education  Home Economics and Religious Ed - with,464,,400
AS003,Education  Home Economics and Irish - with concurr,463,,421
AS051,Nutrition  Food and Business Management,378,,337
AS054,Home Economics,440,,387
AS110,General Nursing,440,,391
AS130,Intellectual Disability Nursing,387,,317
SG141,Business,262,,252
SG145,Business and ICT,279,,
SG146,Accounting,304,,307
SG147,Sport with Business,288,,269
SG148,Tourism with Event Management,298,,246
SG150,Business in Marketing,298,,
SG241,Performing Arts,341,,279
SG242,Early Childhood Care and Education,287,,278
SG243,Social Care Practice,309,,297
SG244,Fine Art,501,,355
SG245,Creative Design,332,,261
SG246,Computing,316,,295
SG247,English and Psychology,319,,308
SG248,Sociology and Politics,298,,282
SG249,Writing and Literature,308,,279
SG252,Software Development,310,,300
SG253,Computing in Computer Networks and Cyber Security,336,,273
SG254,Writing and Literature Online,327,,
SG255,Law and Business,291,,
SG341,General Engineering,373,,
SG342,Civil Engineering,418,,
SG343,Quantity Surveying,300,,261
SG344,Mechanical Engineering,412,,
SG346,Construction Project Management and Applied Techno,313,,289
SG347,Architecture,403,,309
SG348,Interior Architecture and Design,359,,
SG349,Electronics and Self Driving Technologies,,,
SG350,Robotics and Autoion,384,,
SG442,Occupational Safety and Health,307,,289
SG443,Human Nutrition,376,,357
SG444,Science Undenominated,358,,308
SG445,Pharmaceutical Science with Drug Development,357,,347
SG447,Health Science and Physical Activity,326,,316
SG448,Forensic Investigation and Analysis,308,,306
SG449,Medical Biotechnology,315,,329
SG450,Environmental Science with Ecology (Level 8),310,,
TL801,Aniion  Visual Effects and Motion Design (Level,718,,281
TL802,TV  Radio and New Media (Level 8),322,,306
TL810,Computing with Software Development,308,,309
TL811,Computing with Games Development,322,,310
TL815,Computing (Degree Award options),307,,308
TL823,Event Management (3 year programme),293,,291
TL831,Business Studies (Major Specialism in: Acctng or M,306,,307
TL842,Construction Management,,,
TL844,Agricultural Engineering,301,,311
TL845,Civil Engineering,361,,300
TL847,Manufacturing Engineering,305,,
TL848,Agricultural Science,307,,331
TL851,Wildlife Biology (Degree Award options),309,,310
TL855,Pharmaceutical Science (Degree Award options),316,,342
TL858,Veterinary Bioscience,317,,326
TL871,Health and Leisure (Degree Award options),303,,303
TL872,Health and Leisure with Massage,314,,288
TL873,Coaching and Sports Performance,308,,282
TL874,Inclusive Sport and Physical Activity,341,,
TL880,Early Childhood Care and Education,309,,307
TL881,Social Care,301,,308
TL889,Counselling with Addiction - Mature applicants onl,,,
TL890,General Nursing and Mature Applicants,463,,407
TL891,Mental Health Nursing and Mature Applicants,440,,367
WD001,Applied Computing (options),270,,279
WD002,Science (options),279,,302
WD005,Health Sciences (options),271,,288
WD006,Exercise Sciences (options),270,,282
WD007,Engineering (options),270,,287
WD025,Construction Management and Engineering,262,,269
WD027,Music,321,,290
WD048,Business (options),279,,278
WD084,Accounting,308,,307
WD091,Hospitality Management,225,,210
WD116,General Nursing,446,,413
WD117,Psychiatric Nursing,415,,361
WD120,Intellectual Disability Nursing,390,,338
WD134,International Business,267,,289
WD137,Design (Visual Communications),252,,253
WD140,Laws,280,,290
WD144,Architecture,309,,283
WD147,Pharmaceutical Science,288,,298
WD150,Criminal Justice Studies,280,,271
WD152,Visual Art,243,,253
WD161,Computer Forensics and Security,270,,262
WD162,Quantity Surveying,226,,260
WD163,Psychology,456,,390
WD186,Sports Coaching and Performance,261,,276
WD187,Social Science,276,,271
WD191,Agricultural Science,377,,378
WD192,Social Care Practice,271,,279
WD193,Marketing and Digital Media,279,,290
WD194,Culinary Arts,237,,235
WD195,Architectural and Building Inforion Modelling T,279,,266
WD200,Arts (options),201,,221
WD210,Software Systems Development,260,,271
WD211,Creative Computing,270,,275
WD212,Recreation and Sport Management,262,,274
WD230,Mechanical and Manufacturing Engineering,230,,273
WD231,Early Childhood Care and Education,266,,
WD232,Business Inforion Systems,261,,
AL600,Software Design,,,
AL601,Computer Engineering,,,
AL602,Mechanical Engineering,,,
AL604,Civil Engineering,,,
AL605,Music and Instrument Technology,,,
AL630,Pharmacy Technician,,,
AL631,Dental Nursing,,,
AL632,Applied Science,,,
AL650,Business,,,
AL660,Culinary Arts,,,
AL661,Bar Supervision,,,
AL663,Business (Sport and Recreation),,,
AL701,Computer Engineering with Network Infrastructure,,,
AL702,Software Design with Artificial Intelligence for Cloud Computing,,,
AL703,Software Design with Virtual Reality and Gaming,,,
AL704,Computer Engineering,,,
AL705,Software Design with Mobile Apps and Connected Devices,,,
AL710,Mechanical Engineering,,,
AL711,Mechanical Engineering and Renewable Energy,,,
AL712,Autoion and Robotics,,,
AL713,Engineering (Common Entry to Mechanical/Renewable/Mechatronic Eng),,,
AL718,Music and Sound Engineering,,,
AL721,Civil Engineering,,,
AL730,Biotechnology,,,
AL731,Veterinary Nursing,,,
AL734,Pharmaceutical Sciences (Drug Development and Analysis),,,
AL740,Exercise and Health Science,,,
AL751,Digital Marketing,,,
AL752,Business,,,
AL761,Hotel and Leisure Management,,,
AL763,Graphic Design (portfolio),,,
AL764,Early Years Care and Education,,,
AL765,Applied Social Studies in Social Care,,,
CI001,Counselling Skills and Psychotherapy Studies,,,
CI002,Counselling Skills and Addiction Studies,,,
CI005,Counselling Skills and Youth Studies,,,
CR001,Applied Physics and Instrumentation,,,
CR006,Applied Biosciences,,,
CR007,Analytical and Pharmaceutical Chemistry,,,
CR010,Agriculture (Year 1 - 2 days in Clonakilty Agri College & 3 days in CIT),,,
CR016,Software Development,,,
CR021,Business (Common Entry),,,
CR022,Business Administration,,,
CR031,Social Care Work,,,
CR032,Recreation and Leisure Management,,,
CR035,Community Development,,,
CR041,Tourism Management,,,
CR042,Hospitality Management,,,
CR046,Automotive Technology and Management,,,
CR051,Civil Engineering,,,
CR052,Construction,,,
CR053,Interior Architecture,,,
CR055,Environmental Engineering,,,
CR061,Electronic Engineering,,,
CR062,Electrical Engineering,,,
CR071,Mechanical Engineering,,,
CR075,Biomedical Engineering,,,
CR090,Architectural Technology,,,
CR094,Nautical Science at National Maritime College of Ireland,,,
CR095,Marine Engineering at National Maritime College of Ireland,,,
CR126,Popular Music: Drums at CIT Cork School of Music,,,878
CR127,Popular Music: Electric Guitar at CIT Cork School of Music,,,584
CR128,Popular Music: Keyboards at CIT Cork School of Music,,,839
CR129,Popular Music: Voice at CIT Cork School of Music,,,857
CR300,Physical Sciences (Common Entry),,,
CR620,Early Childhood Education and Care,,,
CR640,Culinary Arts,,,
CR650,Beverage Industry Management,,,
CR655,Culinary Studies,,,
CR657,Hospitality Studies,,,
CR805,Marine Electrotechnology at National Maritime College of Ireland,,,
CR888,Inforion Technology,,,
CT110,Computing in Inforion Technology,,,
CT116,Inforion Technology,,,
CW006,Business,,,
CW027,Sustainable Farm Management and Agribusiness,,,
CW037,Business (options),,,
CW047,Visual Communications and Design,,,
CW057,Art (portfolio),,,
CW077,Tourism and Event Management,,,
CW106,Physiology and Health Science,,,
CW107,Analytical Science,,,
CW116,Pharmacy Technician Studies,,,
CW117,Biosciences,,,
CW126,Science - Applied Biology or Applied Chemistry,,,
CW206,Computing - Applications or Programming,,,
CW207,Software Development,,,
CW217,Inforion Technology Management,,,
CW227,Cybercrime and IT Security,,,
CW237,Computing in Interactive Digital Art and Design,,,
CW407,Architectural Technology,,,
CW417,Construction Management with Building Services,,,
CW427,Civil Engineering,,,
CW507,Aircraft Systems,,,
CW517,Mechanical Engineering,,,
CW527,Electronic Engineering,,,
CW547,TV and Media Production,,,
CW706,Legal Studies,,,
CW707,Industrial Design,,,
CW717,Professional Social Care Practice,,,
CW807,Sport Coaching and Business Management - GAA (portfolio),,,
CW817,Sport Coaching and Business Management - Rugby (portfolio),,,
CW827,Sport Coaching and Business Management - Soccer (portfolio),,,
CW837,Digital Marketing with Analytics,,,
CW906,Business,,,
CW917,Business (options),,,
CW926,Business with Law,,,
CW936,Accounting,,,
DB516,Financial Services,,,328
DB528,Applied Social Care,,,
DB534,Sound Engineering and Music Production,,,
DB563,Arts,,,
DB571,Business Studies,,,
DB572,Business in Accounting,,,
DB573,Business in Marketing,,,
DB574,Business in Inforion Technology,,,
DB576,Film and Creative Media,,,
DC201,Common Entry into Science (Undenominated Entry),,,454
DC239,"Gaeilge, Iriseoireacht agus na Meáin Dhigiteacha",,,
DK710,Business and Management,,,
DK711,Business and Technology,,,
DK712,Digital Marketing and Public Relations,,,
DK721,Computing,,,
DK722,Augmented and Virtual Reality,,,
DK730,Building Surveying,,,
DK731,Architectural Technology,,,
DK732,Construction Management,,,
DK740,Engineering - Electrical and Electronic Systems,,,
DK742,Engineering - Mechanical Engineering,,,
DK744,Engineering - Civil Engineering,,,
DK750,Hospitality Management,,,
DK752,Event Management,,,
DK753,Culinary Arts,,,
DK763,"Sport, Exercise and Enterprise",,,
DK767,Community Youth Work (interview),,,
DK768,Audio and Music Production,,,
DK769,Creative Media,,,
DK770,Theatre & Film Practice,,,
DK771,Musical Theatre (audition),,,
DK781,Science - Bioscience,,,
DK783,Science - Pharmaceutical Science,,,
DK784,Veterinary Nursing,,,
DK860,Music (audition),,,499
DL701,Business - Applied Entrepreneurship,,,
DL821,"English, Media and Cultural Studies",,,211
DL828,"3D Design, Modelmaking and Digital Art",,,691
DL829,Design for Stage and Screen (Costume Design),,,817
DL830,Design for Stage and Screen (Character Makeup Design),,,879
DL831,Design for Stage and Screen (Production Design),,,893
DL834,Film and Television Production,,,933
DN252,Dairy Business,,,398
DN253,Agri - Environmental Sciences,,,403
DN271,Forestry,,,303
DN272,"Horticulture, Landscape and Sportsturf Management",,,252
DS602,Computing and Multimedia (Level 6 - Higher Certificate),,,
DS603,Computing and Multimedia (Level 6 - Certificate),,,
DS701,Business,,,
DS702,Computing and Multimedia (Level 7),,,
GA160,Business,,,
GA170,Business,,,
GA171,Business Inforion Systems,,,
GA172,Rural Enterprise and Agri-Business,,,
GA174,Marketing and Sales,,,
GA175,Finance,,,
GA176,Business with Entrepreneurship,,,
GA272,Heritage Studies,,,
GA273,Contemporary Art,,,
GA274,Design,,,
GA360,Business in Tourism,,,
GA361,Culinary Arts,,,
GA362,Hotel and Hospitality Operations,,,
GA364,Heritage Studies,,,
GA370,Hotel and Catering Management,,,
GA376,Event Management with Public Relations,,,
GA377,International Tourism Management,,,
GA378,Culinary and Gastronomic Science,,,
GA470,Construction Management,,,
GA471,Quantity Surveying and Construction Economics,,,
GA472,Architectural Technology,,,
GA473,Civil Engineering,,,
GA570,Software and Electronic Engineering,,,
GA670,Mechanical Engineering,,,
GA673,Energy Engineering,,,
GA674,Biomedical Engineering,,,
GA675,Agricultural Engineering,,,
GA676,Engineering (Common Entry to Manu/Agri/Biomed/Energy/Mech Eng),,,
GA677,Manufacturing Engineering Design,,,
GA770,Applied Freshwater and Marine Biology,,,
GA771,Applied Biology and Biopharmaceutical Science,,,
GA772,Chemical and Pharmaceutical Science,,,
GA773,Physics and Instrumentation,,,
GA774,Science (Undenominated),,,
GA775,Computing in Software Development,,,
GA776,Computing and Digital Media,,,
GA777,Agriculture and Environmental Management,,,
GA862,History & Geography,,,
GA864,Early Childhood Education and Care,,,
GA870,Outdoor Education and Leisure,,,
GA871,Early Childhood Education and Care,,,
GA872,Culture and Environment,,,
GA879,Applied Social Care,,,
GA974,"Furniture Design, Making and Technology - Common Entry",,,
GB001,Business,,,
GC250,Communications and Media Production,,,
GC305,International Hospitality Management,,,327
GC306,International Hospitality Management,,,
GC335,Computing,,,
GC410,Marketing,,,
GC411,Business,,,
GC435,Computing,,,
GC460,Music Production for Games (portfolio),,,
GC465,Communications,,,
GC466,Film and TV Production,,,
GC470,Photographic Media,,,
GC475,Photography,,,
GC490,Interior Design,,,
GC495,Fashion,,,
GY107,Na Dána (Gaeilge agus Léann an Aistriúcháin),,,330
GY112,Arts with Film Studies,,,338
GY120,"Arts (Child, Youth and Family: Policy and Practice)",,,309
GY121,Arts (Children`s Studies),,,356
GY124,Arts (Arts with Data Science),,,434
GY126,Arts (English and Media Studies),,,418
GY131,Arts (History and Globalisation Studies),,,340
LC221,Accounting and Finance,,,
LC222,Marketing and Management,,,
LC228,Sports Development and Coaching,,,
LC230,Business with Computing,,,
LC235,Internet Systems Development,,,
LC251,Civil Engineering,,,
LC257,Interior Design,,,
LC260,Applied Biology,,,
LC267,Forensic and Pharmaceutical Sciences,,,
LC268,Medical Technology,,,
LC270,Music Technology and Production,,,
LC271,Electrical Engineering,,,
LC276,Creative Broadcast and Film Production,,,
LC277,Industrial Autoion and Robotic Systems,,,
LC278,Renewable and Electrical Energy Engineering,,,
LC279,Electronic Engineering,,,
LC281,Automobile Technology,,,
LC283,Precision Engineering,,,
LC284,"Agricultural Mechanisation at Salesian Agricultural College,Pallaskenry",,,
LC285,Mechanical Engineering,,,
LC286,Road Transport Technology and Management,,,
LC290,Community Sport Development,,,
LC336,Computing,,,
LC398,Culinary Arts,,,
LC399,Hospitality Supervision,,,
LC401,Early Childhood Education and Care,,,298
LC414,Data Analytics and Cyber Security,,,
LC415,Business,,,
LC423,Sports Strength and Conditioning,,,
LC425,Environmental Science,,,
LC428,Environmental Science and Agriculture,,,
LC432,Early Childhood Education and Care,,,
LC434,Environmental Science and Agriculture,,,278
LC504,Creative Media and Design,,,
LC602,Social Care Work,,,
LC603,Early Childhood Education and Care,,,
LC605,Business,,,
LC613,Early Childhood Education and Care,,,346
LM180,Equine Science,,,
LY107,Business - Common Entry,,,
LY206,Sports Studies,,,
LY207,Law with Criminal Justice,,,
LY317,Culinary Arts,,,
LY327,Hospitality And Tourism - Common Entry,,,
LY427,Digital Film and Video,,,
LY437,Aniion,,,
LY447,Fashion with Promotion,,,
LY457,Graphic and Digital Design,,,
LY507,Quantity Surveying,,,
LY527,Civil Engineering,,,
LY607,Electronic Engineering,,,
LY617,Mechanical Engineering,,,
LY707,Computer Games Development,,,
LY717,Computing,,,
LY737,Computer Security and Digital Forensics,,,
LY806,Pharmacy Technician,,,
LY816,Dental Nursing,,,
LY817,Bioscience,,,
LY826,Health Science with Physiotherapy Studies,,,
LY836,Health Science with Occupational Therapy Studies,,,
LY837,Food Science and Nutrition,,,
LY846,Health Science with Dietetics Studies,,,
LY847,Veterinary Nursing,,,
LY867,Pharmaceutical & Medicinal Science,,,
LY877,Agriculture,,,
LY906,"Early Childhood Care, Health and Education",,,
LY916,Health and Social Care,,,
MH405,Equine Business,,,357
NC102,Computing,,,
NC103,Business,,,
NC104,Business Computing,,,
NM701,Montessori Education,,,
PC402,Arts and Humanities,,,
PC404,Applied Social Studies - Professional Social Care,,,
SG101,Business,,,
SG102,Computing (Level 6 - General Entry),,,
SG131,Computing - Games Development,,,
SG134,Applied Sport with Business,,,
SG135,Business in Tourism with Event Management,,,
SG136,Computing - Software Development,,,
SG137,Computing (Computer Networks and Cloud Infrastructure),,,
SG138,Computing (Level 7 - General Entry),,,
SG142,Business in International Marketing and Languages (French),,,270
SG144,Business in International Marketing and Languages (Spanish),,,280
SG231,Fine Art,,,
SG232,Creative Design,,,
SG235,Performing Arts (Theatre Design),,,
SG236,Performing Arts (Acting),,,
SG250,Application Design and User Experience,,,290
SG251,Computing (Smart Technologies),,,303
SG300,Engineering (General Entry),,,
SG302,Construction Economics,,,
SG308,Applied Construction Technology,,,
SG330,Engineering (General Entry),,,
SG331,Interior Architecture and Design,,,
SG332,Advanced Wood and Sustainable Building Technology,,,
SG333,Mechanical Engineering,,,
SG334,Mechatronic Engineering,,,
SG336,Precision Engineering and Design,,,
SG338,Civil Engineering,,,
SG339,Quantity Surveying,,,
SG401,Science,,,
SG404,Environmental Science with Ecology (Level 6),,,
SG406,Health and Exercise Science,,,
SG431,Pharmaceutical Science with Drug Development,,,
SG433,Occupational Safety and Health,,,
SG434,Human Nutrition,,,
SG435,Health Science and Physiology,,,
SG436,Biomedical Science,,,
SG437,Forensic Investigation and Analysis,,,
SG439,Environmental Science with Ecology (Level 7),,,
SG530,Health and Medical Inforion Science (Online),,,
SG535,Business Administration,,,
SG536,Business,,,
SG537,Marketing and Sales,,,
TL620,Culinary Arts,,,
TL651,Science (Biological and Environmental Studies),,,
TL652,Pharmacy Technician,,,
TL701,"Aniion, Visual Effects and Motion Design (Level 7)",,,
TL702,"TV, Radio and New Media (Level 7)",,,
TL710,Computing with Software Development,,,
TL711,Computing with Games Development,,,
TL715,Computing (Degree Award options),,,
TL716,Computer Systems and Networking,,,
TL731,Business (Major Specialism in: Acctng or Mktg or Mgmnt),,,
TL743,Agricultural Mechanisation,,,
TL744,Agricultural Engineering,,,
TL745,Civil and Environmental Engineering,,,
TL747,Engineering in Mechanical and Manufacturing Engineering,,,
TL748,Agricultural Science,,,
TL755,Pharmaceutical Science (Degree Award options),,,
TL758,Animal Bioscience,,,
TL771,Health and Leisure (Degree Award Options),,,
TL772,Health and Leisure with Massage,,,
TL773,Coaching and Sports Performance,,,
TL780,Early Childhood Care and Education,,,
TL781,Social Care,,,
TR012,History and Political Science,,,532
TR017,Law and Business,,,576
TR020,Law and Political Science,,,567
TR029,Political Science and Geography,,,477
TR082,Computer Science and Business,,,510
TR083,Sociology and Social Policy,,,451
TR111,Ancient History and Archaeology/Geography,,,
TR112,Ancient History and Archaeology/History,,,
TR113,Ancient History and Archaeology/History of Art and Architecture,,,
TR114,Ancient History and Archaeology/Modern Language,,,
TR117,Ancient History and Archaeology/Religion,,,
TR166,Classical Civilisation/English Literature,,,
TR173,Classical Civilisation/History of Art and Architecture,,,
TR177,Classical Civilisation/Modern Language,,,
TR179,Classical Civilisation/Philosophy,,,
TR198,Economics/Geography,,,
TR202,Economics/History,,,
TR207,Economics/Matheics,,,
TR208,Economics/Modern Language,,,
TR209,Economics/Philosophy,,,
TR212,Economics/Sociology,,,
TR228,Classical Languages/English Literature,,,
TR231,Classical Languages/History of Art and Architecture,,,
TR233,"Classical Languages/Middle Eastern,Jewish and Islamic Civilisations",,,
TR239,Classical Languages/Modern Language,,,
TR262,English Literature/History,,,
TR263,English Literature/History of Art and Architecture,,,
TR269,English Literature/Philosophy,,,
TR272,English Literature/Sociology,,,
TR276,English Literature/Drama Studies,,498,
TR277,English Literature/Modern Language,,,
TR311,Film/Drama Studies,,521,
TR312,Film/English Literature,,,
TR320,Film/Music,,,
TR322,Geography/History,,,
TR323,Drama Studies/Modern Language,,473,
TR324,Film/Modern Language,,,
TR325,Film/History,,,
TR326,Geography/Modern Language,,,
TR332,Geography/Sociology,,,
TR443,History/History of Art and Architecture,,,
TR447,History/Modern Language,,,
TR449,History/Philosophy,,,
TR452,History/Sociology,,,
TR454,History/Religion,,,
TR455,History of Art and Architecture/Modern Language,,,
TR479,History of Art and Architecture/Philosophy,,,
TR547,"Middle Eastern,Jewish and Islamic Civ./Ancient History and Archaeology",,,
TR548,"Middle Eastern,Jewish and Islamic Civilisations/Classical Civilisation",,,
TR554,"Middle Eastern,Jewish and Islamic Civilisations/History",,,
TR563,"Middle Eastern,Jewish and Islamic Civilisations/Modern Language",,,
TR564,"Middle Eastern,Jewish and Islamic Civilisations/Music",,,
TR565,"Middle Eastern,Jewish and Islamic Civilisations/Religion",,,
TR597,Matheics/Modern Language,,,
TR598,Matheics/Music,,,
TR599,Matheics/Philosophy,,,
TR629,Music/Philosophy,,,
TR635,Music/Drama Studies,,473,
TR636,Music/Modern Language,,,
TR638,Music/Religion,,,
TR639,Philosophy/Modern Language,,,
TR662,Philosophy/Sociology,,,
TR663,Religion/Classical Civilisation,,,
TR664,Religion/English Literature,,,
TR665,Religion/History of Art and Architecture,,,
TR666,Religion/Modern Language,,,
TR667,French/Modern Language,,,
TR668,German/Modern Language,,,
TR669,Irish/Modern Language,,,
TR670,Italian/Modern Language,,,
TR671,Russian/Modern Language,,,
TR672,Spanish/Modern Language,,,
TR755,Sociology/Drama Studies,,498,
TR756,Sociology/Modern Language,,,
TR801,Dental Nursing,,,
TR802,Dental Hygiene,,543,
TR803,Dental Technology,,531,
TU601,Electronic Engineering,,,
TU602,Computer Engineering,,,
TU603,Mechanical Engineering,,,
TU641,Bar and Restaurant Management,,,
TU642,Culinary Arts,,,
TU643,Culinary Arts (Professional Cookery Practice),,,
TU644,Food Management and Entrepreneurship,,,
TU645,Food Science and Management,,,
TU651,Applied Biology,,,
TU652,Computing,,,
TU653,Computing (Inforion Technology),,,
TU654,Pharmacy Technician Studies,,,
TU655,Computing (Networking Technologies) Learn and Work,,,
TU671,Business,,,
TU672,Business (Common entry),,,
TU673,Business Management,,,
TU674,Business Studies,,,
TU675,Marketing,,,
TU676,Retail Management and Marketing,,,
TU701,Autoion Engineering,,,
TU702,Biomedical Design,,,
TU703,Building Engineering,,,
TU704,Civil Engineering,,,
TU705,Electrical and Control Engineering,,,
TU706,Electrical Services Engineering,,,
TU707,Electronic Engineering,,,
TU708,Engineering (Common Entry with Award options),,,
TU709,Engineering (General Entry),,,
TU710,Engineering Reliability Management,,,
TU711,Mechatronic Engineering,,,
TU712,Sustainable Energy and Environmental Engineering,,,
TU713,Computer Engineering,,,
TU714,Electronics and Communications Engineering,,,
TU715,Engineering Software,,,
TU716,Networking Technology,,,
TU717,Mechanical Engineering,,,
TU718,Mechanical Engineering,,,
TU719,"Design,Technology and Innovation",,,
TU720,Automotive Management and Technology,,,
TU721,Aviation Technology,,,
TU722,Process Instrumentation and Autoion Learn and Work,,,
TU731,"Auctioneering, Valuation and Estate Agency",,,
TU732,Timber Product Technology,,,
TU735,Sports Management and Coaching,,,
TU736,Sports Science and Health,,,
TU741,Baking and Pastry Arts Management,,,
TU742,Culinary Arts,,,
TU745,Hospitality Management,,,
TU746,International Hospitality and Tourism Management,,,
TU747,Tourism Management,,,
TU751,Biosciences,,,
TU752,DNA and Forensic Analysis,,,
TU754,Industrial and Environmental Physics,,,
TU755,Science (General Entry),,,
TU756,Computing,,,
TU757,Computing (Inforion Technology),,,
TU758,Digital Forensics and Cyber Security,,,
TU759,Inforion Technology Management,,,
TU760,Bioanalysis,,,
TU761,Ophthalmic Dispensing,,,
TU762,Medicinal Chemistry and Pharmaceutical Sciences,,,
TU763,Pharmaceutical Science,,,
TU771,Business,,,
TU772,Business (Common Entry with Award options),,,
TU774,Management,,,
TU775,Accounting and Finance,,,
TU776,Accounting and Finance,,,
TU777,Business and Inforion Technology,,,
TU778,International Business,,,
TU779,International Business,,,
TU780,Advertising and Marketing Communications,,,
TU781,Digital Marketing,,,
TU782,Digital Marketing,,,
TU783,Marketing,,,
TU791,Applied Social Studies in Social Care,,,
TU792,Community and Youth Development,,,
TU793,Early Childhood Care and Education,,,
TU794,Early Childhood Care and Education,,,
TU795,Visual Merchandising and Display,,,
TU796,Creative Digital Media,,,
TU803,Electronic Engineering,,,
TU806,Sustainable Energy Engineering,,,
TU808,Engineering Software,,,
TU809,Mechanical Engineering,,,
TU813,Autoion Engineering,,,
TU873,Industrial Matheics,,,
TU901,Business,,,
TU908,Management,,,
TU909,Accounting and Finance,,,
TU911,Accounting and Finance,,,
TU913,Business and Inforion Technology,,,
TU915,International Business,,,
TU916,International Business,,,
TU923,Marketing Management,,,
TU966,Languages and English Studies,,,
TU971,Contemporary Visual Culture,,,
TU972,Creative and Cultural Industries,,,
TU986,Print Media Technology and Management,,,
TU993,Early Childhood Care and Education,,,
TU994,Early Childhood Care and Education,,,
WD003,Business,,,
WD010,Electronic Engineering,,,
WD011,Mechanical Engineering,,,
WD013,Legal Studies,,,
WD018,Applied Social Care,,,
WD019,Recreation and Sport Management,,,
WD076,Forestry,,,
WD094,Architectural Technology,,,
WD096,Horticulture (Waterford - Kildalton),,,
WD097,Horticulture (Dublin - National Botanic Gardens),,,
WD126,Agriculture,,,
WD139,Civil Engineering,,,
WD149,Early Childhood Studies,,,288
WD151,Software Systems Development,,,
WD153,Multimedia Applications Development,,,
WD155,Inforion Technology,,,
WD159,Business,,,
WD164,Food Science with Business,,,
WD172,Culinary Arts,,,
WD173,Hospitality Studies,,,
WD174,Tourism,,,
WD175,Pharmaceutical Science,,,
WD177,"Science (Mol. Biology with Biopharm.,Food Science with Business,Pharm.)",,,
WD182,Electrical Engineering,,,
WD184,Retail Management,,,
WD188,Applied Health Care,,,
WD205,Molecular Biology with Biopharmaceutical Science,,,
WD206,Electronic Engineering,,,
WD207,Mechanical Engineering,,,
WD208,Manufacturing Engineering,,,
AL853,Accounting and Law,,,305
CW178,Sport Science (options),,,399
CK116,Sports Studies and Physical Education,,,499
CK502,Food Marketing and Entrepreneurship,,,433
CK506,International Development and Food Policy,,,367
DC005,Education - Primary Teaching - Irish Sign Language,,,316
DC167,Physics with Astronomy,,,434
DC171,Applied Physics,,,402
DC173,Physics with Biomedical Sciences,,,402
DT001,Product Design,,,433
DT028,Transport Operations and Technology,,,279
DT035,Electrical Services and Energy Management,,,293
DT066,Engineering (General Entry),,,400
DT101,Architecture (test and interview),,,618
DT106,Planning and Environmental Management,,,312
DT110,Property Economics (Valuation Surveying),,,367
DT111,Quantity Surveying and Construction Economics,,,391
DT112,Geographic Science,,,287
DT117,Construction Management,,,356
DT175,Architectural Technology,,,388
DT201,Science (General Entry),,,464
DT203,Analytical Chemistry (Environmental Forensic and Pharmaceutical),,,341
DT204,Biomedical Science,,,501
DT205,Matheical Sciences,,,315
DT206,Biomedical and Molecular Diagnostics,,,473
DT211,Computer Science (Infrastructure),,,381
DT220,Industrial Matheics,,,300
DT221,Physics with Energy and Environment,,,348
DT222,Physics Technology,,,321
DT223,Human Nutrition and Dietetics,,,553
DT224,Optometry,,,487
DT225,Public Health Nutrition,,,440
DT227,Science with Nanotechnology,,,312
DT228,Computer Science,,,451
DT229,Clinical Measurement Science,,,491
DT235,Physics with Medical Physics and Bioengineering,,,357
DT282,Computer Science (International),,,377
DT299,Chemical Sciences with Medicinal Chemistry,,,420
DT302,Business Analytics,,,325
DT304,E-Commerce in Retailing,,,341
DT321,Business and Law,,,462
DT341,Marketing,,,400
DT343,Retail and Services Management,,,301
DT354,Business Computing,,,322
DT358,Logistics and Supply Chain Management,,,300
DT365,Business and Management,,,440
DT366,Accounting and Finance,,,432
DT398,Human Resource Management,,,375
DT399,Economics and Finance,,,437
DT401,International Hospitality Management,,,300
DT405,Culinary Science,,,308
DT407,Culinary Arts,,,271
DT412,Tourism Marketing,,,284
DT413,Event Management,,,356
DT416,Culinary Entrepreneurship,,,275
DT420,Nutraceuticals in Health and Nutrition,,,392
DT421,Food Innovation,,,321
DT422,Pharmaceutical Healthcare,,,397
DT491,Environmental Health,,,343
DT501,Music,,,383
DT504,Film and Broadcasting,,,443
DT506,Commercial Modern Music,,,468
DT508,Game Design,,,403
DT517,Languages and English Studies,,,326
DT518,Languages and International Tourism,,,307
DT529,Drama (Performance),,,371
DT532,Law (LL.B.),,,422
DT533,Contemporary Visual Culture,,,
DT544,Interior Design,,,552
DT545,Design - Visual Communication,,,667
DT546,Fine Art,,,668
DT555,International Business and Languages,,,353
DT559,Photography,,,700
DT571,Social Care,,,394
DT572,Early Childhood Education,,,385
DT582,Journalism,,,347
DT596,Print Media Technology and Management,,,252
DT597,Creative and Cultural Industries,,,280
DL835,Creative Media Technologies,,,237
GC405,International Hospitality Management (Dublin),,,254
ID003,Business Studies with Chinese,,,
BN101,Business,,,252
BN103,Business and Inforion Technology,,,254
BN104,Computing (Inforion Technology),,,260
BN107,Applied Social Studies in Social Care,,,300
BN108,Engineering (Common Entry with Award options),,,271
BN109,Business (Common Entry with Award options),,,260
BN110,International Business,,,253
BN111,Sports Management and Coaching,,,270
BN112,Creative Digital Media,,,280
BN113,Horticulture,,,289
BN114,Accounting and Finance,,,280
BN115,Community and Youth Development,,,250
BN117,Computer Engineering in Mobile Systems,,,273
BN118,Early Childhood Care and Education,,,290
BN119,Digital Marketing,,,270
BN120,Digital Forensics and Cyber Security,,,281
BN121,Mechatronic Engineering,,,276
BN123,"Design,Technology and Innovation",,,297
TA022,Creative Digital Media,,,260
TA023,Advertising and Marketing Communications,,,235
TA024,Early Childhood Care and Education,,,217
TA025,Social Care Practice,,,261
TA026,International Hospitality and Tourism Management,,,208
TA027,Botanical Cuisine,,,236
TA028,Digital Marketing Technologies,,,220
TA121,Accounting and Finance,,,202
TA122,Management,,,218
TA123,Marketing Management,,,207
TA125,International Business,,,229
TA221,Electronic Engineering,,,251
TA222,Mechanical Engineering,,,243
TA223,Sustainable Energy Engineering,,,236
TA224,Biomedical Design,,,218
TA225,Autoion Engineering,,,235
TA226,Engineering Software,,,243
TA321,Pharmaceutical Science,,,261
TA322,Computing,,,200
TA323,Computing with IT Management,,,243
TA326,DNA and Forensic Analysis,,,300
TA327,Sports Science and Health,,,341
TA328,Computing with Language (French/German/Spanish),,,218
TA329,Computing with Data Analytics,,,218
NC025,Data Science,,,297
GA385,Retail Management,,,219
LY218,Business - with Spanish/Irish options,,,298
CI101,Counselling and Psychotherapy (Limerick),,,276
LC411,Marketing and Management (Thurles),,,226
SG149,Business in Finance and Investment,,,262
SG441,Environmental Science,,,297
SG446,Applied Archaeology,,,289
TL803,Music Technology,,,264
TL812,Computing with Digital Media,,,369
WD148,Tourism Marketing,,,269
