,Code,Title,points_r1_2021,points_r1_2020,points_r1_2019
0,AL801,Software Design for Virtual Reality and Gaming,300,303,304
1,AL802,Software Design in Artificial Intelligence for Clo,313,332,301
2,AL803,Software Design for Mobile Apps and Connected Devi,350,337,309
3,AL805,Computer Engineering for Network Infrastructure,321,333,329
4,AL810,Quantity Surveying,328,319,307
5,AL811,Civil Engineering,0,320,0
6,AL820,Mechanical and Polymer Engineering,327,308,300
7,AL830,General Nursing,451,442,410
8,AL832,Mental Health Nursing,440,387,387
9,AL835,Pharmacology,356,0,0
10,AL836,Nutrition and Health Science,346,334,352
11,AL837,Sports Science with Exercise Physiology,357,351,351
12,AL838,Biotechnology,324,307,302
13,AL839,Microbiology,325,325,322
14,AL840,Pharmaceutical Sciences,346,347,328
15,AL841,Athletic and Rehabilitation Therapy,477,430,423
16,AL842,Bioveterinary Science,338,313,310
17,AL843,Physical Activity and Health Science,306,306,310
18,AL849,Culinary Entrepreneurship,297,0,0
19,AL850,Business,309,309,307
20,AL851,Business and Law,302,295,301
21,AL852,Accounting,336,309,290
22,AL854,Sport Management (with international placement),300,302,0
23,AL855,Hospitality Management (with international placeme,309,308,312
24,AL857,Digital Marketing,304,304,300
25,AL859,International Business,308,0,0
26,AL860,Social Care Practice,301,300,309
27,AL861,Animation and Illustration (portfolio),575,578,615
28,AL863,Graphic and Digital Design (portfolio),747,781,703
29,AL864,Early Years Care and Education,306,307,307
30,AL870,Applied Psychology,484,418,409
31,CW018,Business (options),307,298,327
32,CW028,Early Childhood Education and Care,260,252,252
33,CW038,Art (portfolio),700,700,700
34,CW058,Tourism and Event Management,292,298,252
35,CW068,Applied Social Studies in Professional Social Care,250,245,251
36,CW078,Sustainable Farm Management and Agribusiness,270,269,266
37,CW088,Visual Communications and Design,270,274,309
38,CW108,Science (options),266,261,261
39,CW128,Brewing and Distilling,307,263,271
40,CW138,Sport and Exercise Science,430,423,0
41,CW148,Strength and Conditioning,388,379,0
42,CW188,Sport Rehabilitation and Athletic Therapy,451,451,454
43,CW208,Computer Games Development,272,279,281
44,CW238,Software Development,295,297,300
45,CW248,Information Technology Management,293,285,307
46,CW258,Cybercrime and IT Security,292,293,300
47,CW268,Computing in Interactive Digital Art and Design,291,287,274
48,CW438,Construction (options),260,272,271
49,CW468,Architectural Technology,291,262,252
50,CW478,Civil Engineering,465,433,348
51,CW548,Mechanical Engineering,330,321,310
52,CW558,Electronic Systems,280,280,279
53,CW568,Aerospace Engineering,371,380,366
54,CW578,TV and Media Production,318,325,327
55,CW708,Law - LLB,292,302,298
56,CW728,Product Design Innovation,246,252,286
57,CW748,Early Childhood Education and Care,290,270,265
58,CW758,Professional Social Care Practice,360,336,290
59,CW808,Media and Public Relations,247,251,248
60,CW848,Digital Marketing with Analytics,269,254,279
61,CW858,Sports Management and Coaching (options  portfolio,700,700,700
62,CW908,Business (options),272,280,260
63,CW938,Business with Law,270,283,270
64,CW948,Accounting,319,300,301
65,PC405,Social  Political and Community Studies,263,253,251
66,PC410,Arts and Humanities (fulfils Teaching Council requ,262,252,203
67,PC411,English and History (fulfils Teaching Council requ,243,255,168
68,CR105,Chemical and Biopharmaceutical Engineering,443,443,432
69,CR106,Software Development,431,411,351
70,CR108,Mechanical Engineering,434,434,425
71,CR109,Structural Engineering,396,394,341
72,CR110,Automotive Business Management and Technology,336,311,318
73,CR112,Creative Digital Media at CIT Crawford College of,390,361,335
74,CR116,Computer Systems,365,332,318
75,CR121,Music at CIT Cork School of Music,904,868,633
76,CR125,Popular Music at CIT Cork School of Music,1028,1088,972
77,CR130,Musical Theatre at CIT Cork School of Music,525,548,500
78,CR150,Business Information Systems,350,335,326
79,CR210,Contemporary Applied Art (Ceramics  Glass  Textile,450,#+matric,979
80,CR220,Fine Art at CIT Crawford College of Art and Design,400,#+matric,620
81,CR225,Photography with New Media at CIT Crawford College,435,#+matric,920
82,CR305,Physical Sciences (Common Entry),260,282,279
83,CR310,IT Management,347,297,282
84,CR320,Biomedical Science - Offered jointly by CIT and UC,590,565,546
85,CR325,Pharmaceutical Biotechnology,466,398,388
86,CR333,Nutrition and Health Science,425,402,360
87,CR335,Biological Sciences (Common Entry),473,420,381
88,CR340,Analytical Chemistry with Quality Assurance,327,251,288
89,CR360,Instrument Engineering,301,261,291
90,CR365,Environmental Science and Sustainable Technology,262,253,334
91,CR370,Agri-Biosciences,368,397,408
92,CR400,Accounting,315,316,316
93,CR420,Marketing,290,285,288
94,CR425,International Business with Language,279,298,300
95,CR430,Sport and Exercise Management,402,322,0
96,CR435,Coaching Science and Sports Pedagogy,410,0,0
97,CR440,Montessori Education,409,288,0
98,CR500,Engineering (Common Entry),475,411,381
99,CR510,Sustainable Energy Engineering,320,320,319
100,CR520,Biomedical Engineering,444,444,434
101,CR560,Architectural Technology,375,308,288
102,CR565,Interior Architecture,431,359,336
103,CR570,Quantity Surveying,375,336,279
104,CR572,Construction Management,300,269,253
105,CR580,Electrical Engineering,342,318,344
106,CR590,Electronic Engineering,329,303,342
107,CR600,Visual Communications at CIT Crawford College of A,280,#+matric,587
108,CR660,Tourism Management,246,252,249
109,CR700,Theatre and Drama Studies at CIT Cork School of Mu,609,740,768
110,CR930,Home Economics and Business,518,0,0
111,CK101,Arts - 3 years,300,300,300
112,CK102,Social Science,434,412,391
113,CK104,Arts with Music - 3 or 4 years (BMus or Chinese/Eu,339,302,340
114,CK105,Film and Screen Media - 3 years or 4 years (Intern,421,368,397
115,CK107,Geographical and Archaeological Sciences - 3 or 4,312,328,326
116,CK108,Arts International - 4 years,440,401,429
117,CK109,English - 3 years or 4 years (International Pathwa,367,318,347
118,CK110,World Languages,488,452,456
119,CK111,Early Years and Childhood Studies,409,419,398
120,CK112,Theatre and Performative Practices - 3 or 4 years,371,330,324
121,CK113,Criminology - 3 years or 4 years (International Pa,464,423,408
122,CK114,Social Science (Youth and Community Work),0,0,0
123,CK115,Social Work - Mature Applicants only,0,0,0
124,CK118,Digital Humanities and IT - 3 or 4 years (Work Exp,347,336,307
125,CK120,Applied Psychology,544,533,506
126,CK121,Psychology and Computing - 3 or 4 years (Work Expe,499,466,393
127,CK122,Government and Political Science,399,337,355
128,CK123,Anthropology,308,308,0
129,CK124,Education - Gaeilge,473,463,0
130,CK125,Sports Studies and Physical Education,564,510,0
131,CK201,Commerce,500,477,465
132,CK202,Accounting,553,509,467
133,CK203,Business Information Systems,455,430,409
134,CK204,Finance,566,556,531
135,CK205,Commerce (International) with French,465,445,409
136,CK206,Commerce (International) with German,466,420,408
137,CK207,Commerce (International) with Italian,423,388,408
138,CK208,Commerce (International) with Hispanic Studies,488,402,431
139,CK209,Commerce (International) with Irish,507,484,509
140,CK211,Commerce (International) with Chinese Studies,385,397,398
141,CK212,Economics (through Transformational Learning) 3 or,445,444,400
142,CK213,Food Marketing and Entrepreneurship,466,462,0
143,CK214,International Development,332,346,0
144,CK301,Law (Pathways) -  3 or 4 years,533,507,476
145,CK302,Law and French,545,542,453
146,CK304,Law and Irish,588,540,462
147,CK307,Law and Business,589,556,522
148,CK401,Computer Science,503,468,402
149,CK402,Biological and Chemical Sciences,555,510,498
150,CK404,Biological  Earth and Environmental Sciences,500,467,412
151,CK405,Genetics,543,487,476
152,CK406,Chemical Sciences,532,485,457
153,CK407,Mathematical Sciences,566,566,531
154,CK408,Physics and Astrophysics,566,554,511
155,CK409,Industrial Physics - Offered jointly by UCC and CI,465,432,413
156,CK411,Data Science and Analytics,531,510,509
157,CK412,Agricultural Science,506,496,457
158,CK504,Nutritional Sciences,555,518,492
159,CK505,Food Science,463,441,444
160,CK600,Engineering,510,487,465
161,CK606,Architecture - Offered jointly by UCC and CIT,543,484,465
162,CK701,Medicine (Undergraduate Entry - HPAT required),738,731,729
163,CK702,Dentistry,625,613,590
164,CK703,Pharmacy,613,590,577
165,CK704,Occupational Therapy,601,566,532
166,CK705,Speech and Language Therapy,568,520,509
167,CK706,Public Health Sciences,500,454,419
168,CK707,Medical and Health Sciences,578,542,510
169,CK710,General Nursing,498,454,440
170,CK712,Children`s and General Nursing (Integrated),565,533,499
171,CK720,Mental Health Nursing,455,423,398
172,CK730,Intellectual Disability Nursing,431,419,359
173,CK740,Midwifery,509,484,444
174,CK791,Medicine  - Graduate Entry (GAMSAT required),60,57,58
175,AC120,International Business,294,209,234
176,AC137,Liberal Arts,271,252,252
177,CT125,Computing and IT,242,220,235
178,CT325,Business,253,338,0
179,CM001,Education - Primary Teaching,508,484,452
180,CM002,Education - Primary Teaching - Gaeltacht Applicant,462,0,421
181,CM003,Oideachas � Bunmh�inteoireacht Tr� Mhe�n na Gaeilg,513,528,491
182,CM004,Oideachas - Bunmh�inteoireacht Tr� Mhe�n na Gaeilg,480,494,492
183,CM010,Education Studies,382,319,317
184,CM020,Early Childhood Education,317,327,336
185,DB500,Computing,234,218,242
186,DB501,Computing (Cloud Computing),0,227,326
187,DB502,Computing (Data Analytics and Big Data),267,341,269
188,DB503,Computing (Software Development),0,225,242
189,DB504,Computing (Web and Mobile Technology),0,0,227
190,DB510,Audio Production and Music Project Management,217,234,233
191,DB512,Business Studies,243,218,229
192,DB514,Business Studies (Law),239,252,269
193,DB515,Business Studies (Human Resource Management),242,244,225
194,DB517,Marketing (Event Management),233,238,226
195,DB518,Marketing (Digital Media),307,0,210
196,DB521,Accounting and Finance,243,225,225
197,DB524,Business (Information Systems),247,342,402
198,DB525,Marketing (Digital Media and Cloud Computing),288,0,284
199,DB526,Business (Cloud Computing),244,347,253
200,DB527,Applied Social Care,254,234,235
201,DB531,Marketing,288,293,220
202,DB562,Psychology,244,243,208
203,DB566,Social Science,262,220,216
204,DB567,Film and Creative Media,245,218,192
205,DB568,Law,254,219,245
206,DB569,Business (Psychology),240,252,279
207,DC001,Education - Early Childhood Education,445,440,398
208,DC002,Education - Primary Teaching,518,488,462
209,DC003,Education - Primary Teaching - Gaeltacht Applicant,489,445,433
210,DC004,Education - Primary Teaching (Church of Ireland Ce,451,411,357
211,DC009,Arts (Joint Honours) - Humanities,356,376,347
212,DC010,Post Primary Teacher Education - Religious Educati,384,441,386
213,DC011,Post Primary Teacher Education - Religious Educati,409,412,352
214,DC012,Post Primary Teacher Education - Religious Educati,409,378,367
215,DC013,Post Primary Teacher Ed - Gaeilge with French/Germ,413,419,410
216,DC014,BA in Jazz and Contemporary Music Performance (aud,311,419,428
217,DC110,Business Studies International,498,465,440
218,DC111,Business Studies,511,488,463
219,DC112,Global Business (France),542,517,495
220,DC113,Global Business (Germany),484,462,440
221,DC114,Global Business (Spain),544,522,501
222,DC115,Accounting and Finance,544,510,487
223,DC116,Global Business (USA),613,579,578
224,DC117,Aviation Management / Aviation Management with Pil,484,476,463
225,DC118,Gn� agus Gaeilge / Business and Irish,368,359,357
226,DC119,Global Business (Canada),601,564,566
227,DC120,Computing for Business,403,357,350
228,DC121,Computer Science,475,400,370
229,DC123,Data Science,501,465,467
230,DC126,Actuarial Mathematics,577,560,520
231,DC127,Common Entry into Actuarial and Financial Mathemat,541,532,509
232,DC131,Communication Studies,421,407,400
233,DC132,Journalism,452,429,401
234,DC133,Multimedia,435,411,403
235,DC155,Applied Language and Translation Studies,427,387,371
236,DC161,Analytical Science,498,498,446
237,DC162,Chemical and Pharmaceutical Sciences,531,521,488
238,DC163,Chemical Sciences General Entry (Undenominated Ent,466,0,0
239,DC166,Environmental Science and Technology,423,433,412
240,DC168,Genetics and Cell Biology,543,512,489
241,DC175,Physics General Entry (options),400,419,0
242,DC180,Biological Sciences General Entry (Undenominated E,530,0,0
243,DC181,Biotechnology,530,499,476
244,DC190,Electronic and Computer Engineering (with choice o,488,413,391
245,DC193,Mechatronic Engineering,490,411,404
246,DC194,Sustainable Systems and Energy,476,0,0
247,DC195,Mechanical and Manufacturing Engineering,500,425,401
248,DC197,Biomedical Engineering,510,423,402
249,DC200,Common Entry into Engineering (Undenominated Entry,511,422,381
250,DC202,Sport Science and Health,511,500,467
251,DC203,Science Education,462,435,424
252,DC204,Athletic Therapy and Training,558,522,484
253,DC205,Physical Education with Biology,565,531,490
254,DC206,Physical Education with Mathematics,521,499,443
255,DC207,Psychology and Mathematics,521,0,0
256,DC208,Psychology,565,532,509
257,DC209,Health and Society,477,465,419
258,DC210,Psychology and Disruptive Technologies,506,0,0
259,DC215,General Nursing,456,454,414
260,DC216,Mental Health Nursing,420,418,368
261,DC217,Intellectual Disability Nursing,382,370,347
262,DC218,Children`s and General Nursing (Integrated),521,500,467
263,DC230,Economics  Politics and Law,431,435,400
264,DC231,International Relations,398,397,387
265,DC232,Law and Society (BCL),469,466,453
266,DC235,Education and Training - Daytime and Flexible Deli,302,309,307
267,DC238,Social Sciences and Cultural Innovation,387,377,358
268,DC240,Marketing  Innovation and Technology,499,476,451
269,DC241,Digital Business and Innovation,509,0,0
270,DC291,Arts (Joint Honours) - Media Studies,350,376,349
271,DC292,Arts (Joint Honours) - Law,400,403,356
272,DC293,Arts (Joint Honours) - International Languages,379,377,369
273,DC294,Climate and Environmental Sustainability,475,0,0
274,DC295,Arts (Joint Honours) - Politics,349,376,348
275,DL822,Arts Management,254,229,209
276,DL823,Business Management,220,235,260
277,DL825,Applied Psychology,418,379,349
278,DL826,Graphic Design,591,855,736
279,DL827,Art,574,572,583
280,DL832,Animation,989,920,855
281,DL833,Photography and Visual Media,671,650,636
282,DL836,Creative Computing,235,219,217
283,DL837,New Media Studies,298,201,290
284,DL838,Creative Music Production,713,754,746
285,DL839,Interaction and User Experience Design,757,683,0
286,DL840,Digital Marketing,210,228,0
287,DL841,English and Equality Studies,277,276,0
288,DL843,Film,987,0,0
289,DL844,Television,566,0,0
290,DL845,Design for Film (degree options),628,0,0
291,GC200,Business,269,252,269
292,GC201,Accounting and Finance,260,303,251
293,GC230,Computing Science,300,335,228
294,GC300,Business,264,429,251
295,GC301,Accounting and Finance,0,253,307
296,GC302,Business - HRM,377,0,269
297,GC307,Business (Marketing),289,0,0
298,GC400,Business,250,248,246
299,GC401,Accounting and Finance,242,240,181
300,GC402,Business (HRM),0,264,217
301,GC403,Law,245,244,225
302,GC407,Business (Marketing),264,280,246
303,GC430,Computing Science,251,252,217
304,GC450,Communications and Media Production,225,254,227
305,GC462,Design Communication (portfolio),300,0,0
306,GC489,Interior Architecture (portfolio),288,254,267
307,GC494,Fashion Design (portfolio),351,337,0
308,BY001,Business,210,0,0
309,ID001,Accounting and Finance,0,203,229
310,ID002,Business Studies,0,294,285
311,AD101,First Year Art and Design (Common Entry portfolio),554,#+matric,mat
312,AD102,Graphic Design and Moving Image Design (portfolio),538,#+matric,mat
313,AD103,Textile and Surface Design and Jewellery and Objec,505,#+matric,mat
314,AD202,Education and Design or Fine Art (Second Level Tea,591,#+matric,mat
315,AD204,Fine Art (portfolio),514,#+matric,mat
316,AD211,Fashion Design (portfolio),760,#+matric,mat
317,AD212,Product Design (portfolio),413,#+matric,mat
318,AD215,Visual Culture,337,377,300
319,AD217,Illustration (portfolio),738,#+matric,mat
320,AD222,Interaction Design (portfolio),444,#+matric,mat
321,NC003,Computing (Degree Award options),271,260,261
322,NC005,Human Resource Management,301,300,297
323,NC009,Business,300,300,297
324,NC010,Psychology,420,400,366
325,NC020,Marketing Practice,270,280,270
326,NC022,Accounting and Finance,330,337,338
327,NC023,Technology Management (with specialisations),266,261,260
328,NC030,Early Childhood Education and Care,251,0,0
329,RC001,Medicine - Undergraduate Entry (HPAT required),741,733,729
330,RC004,Physiotherapy,589,566,532
331,RC005,Pharmacy,613,579,555
332,RC101,Medicine - Graduate Entry (GAMSAT required),0,0,60
333,NM801,Montessori Education,262,220,0
334,NM802,Psychology,228,0,0
335,TU801,Sustainable Energy Engineering,235,235,0
336,TU802,Electrical Services and Energy Management,309,317,0
337,TU804,Engineering (Common Entry with Award options),270,271,0
338,TU805,Engineering (General Entry),466,402,0
339,TU807,Computer Engineering in Mobile Systems,274,276,0
340,TU810,Mechatronic Engineering,271,270,0
341,TU811,Product Design,440,411,0
342,TU812,Design Technology and Innovation,278,270,0
343,TU814,Sustainable Transport Management,253,285,0
344,TU828,Mechanical Engineering (General Entry),300,0,0
345,TU829,Electronic Engineering (General Entry),248,0,0
346,TU831,Architectural Technology,423,410,0
347,TU832,Architecture (Suitability Test and Interview),644,622,0
348,TU833,Construction Management,396,367,0
349,TU834,Geographic Science,315,288,0
350,TU835,Planning and Environmental Management,330,313,0
351,TU836,Property Economics (Valuation Surveying),411,401,0
352,TU837,Quantity Surveying and Construction Economics,413,385,0
353,TU838,Sustainable Timber Technology,307,0,0
354,TU851,Analytical Chemistry (Environmental  Forensic and,400,349,0
355,TU852,Chemical Sciences with Medicinal Chemistry,477,476,0
356,TU854,Science (General Entry),510,476,0
357,TU855,Science with Nanotechnology,322,331,0
358,TU856,Computer Science,499,476,0
359,TU857,Computer Science (Infrastructure),403,391,0
360,TU858,Computer Science (International),395,377,0
361,TU859,Computing,251,217,0
362,TU860,Computing (Information Technology),270,260,0
363,TU861,Computing with Language (French/German/Spanish),235,308,0
364,TU862,Computing with Artificial Intelligence Machine Lea,262,226,0
365,TU863,Digital Forensics and Cyber Security,282,280,0
366,TU864,DNA and Forensic Analysis,500,400,0
367,TU865,Cloud Computing,235,226,0
368,TU866,Biomedical and Molecular Diagnostics,522,487,0
369,TU867,Biomedical Science,576,524,0
370,TU868,Clinical Measurement Science,542,510,0
371,TU869,Environmental Health,387,336,0
372,TU870,Human Nutrition and Dietetics,601,578,0
373,TU871,Optometry,532,509,0
374,TU872,Public Health Nutrition,487,491,0
375,TU874,Mathematical Sciences,294,341,0
376,TU875,Pharmaceutical Healthcare,451,400,0
377,TU876,Pharmaceutical Science,445,377,0
378,TU877,Physics Technology,314,308,0
379,TU878,Physics with Energy and Environment,339,337,0
380,TU879,Physics with Medical Physics and Bioengineering,346,351,0
381,TU880,Physics with Data Science,412,578,0
382,TU881,Food Innovation,309,318,0
383,TU882,Nutraceuticals in Health and Nutrition,380,397,0
384,TU902,Business (options),270,271,0
385,TU903,Business and Management,477,463,0
386,TU904,Business and Law,462,462,0
387,TU905,Economics and Finance,460,465,0
388,TU906,Human Resource Management,386,395,0
389,TU907,Logistics and Supply Chain Management,300,300,0
390,TU910,Accounting,420,444,0
391,TU912,Business Analytics,331,330,0
392,TU914,Business Computing,322,324,0
393,TU917,Law (LLB ) with a Language,356,342,0
394,TU918,Law (LLB),463,451,0
395,TU919,Advertising and Marketing Communications,219,228,0
396,TU920,Digital Marketing,270,270,0
397,TU921,Digital Marketing Technologies,230,212,0
398,TU922,Marketing,412,418,0
399,TU924,E-Commerce in Retailing,307,307,0
400,TU925,Retail and Services Management,307,301,0
401,TU932,Business (options),211,0,0
402,TU933,Accounting and Finance (campus options),251,0,0
403,TU935,Sports Management and Coaching,300,300,0
404,TU936,Sports Science and Health,484,410,0
405,TU941,Botanical Cuisine,311,249,0
406,TU942,Culinary Arts,252,212,0
407,TU943,Culinary Entrepreneurship,261,278,0
408,TU944,Culinary Science,336,316,0
409,TU951,International Hospitality and Tourism Management,244,184,0
410,TU952,International Hospitality Management,309,300,0
411,TU953,Tourism and Digital Marketing,308,290,0
412,TU954,Event Management,326,356,0
413,TU955,Sports and Leisure Management,275,217,0
414,TU961,Commercial Modern Music (BIMM - assessment/auditio,536,608,0
415,TU962,Drama (Performance  audition),448,379,0
416,TU963,Music (audition),364,416,0
417,TU965,International Business and Languages,357,356,0
418,TU967,Languages and International Tourism,298,308,0
419,TU973,Design - Visual Communication (portfolio),700,717,0
420,TU974,Fine Art (portfolio),549,709,0
421,TU975,Interior Design (portfolio),544,632,0
422,TU976,Photography (portfolio),700,695,0
423,TU978,Creative Industries and Visual Culture,299,0,0
424,TU981,Creative Digital Media,280,280,0
425,TU982,Media Production and Digital Arts,369,320,0
426,TU983,Film and Broadcasting,462,456,0
427,TU984,Game Design,414,381,0
428,TU985,Journalism,367,322,0
429,TU989,Early Childhood Care and Education (campus options,270,0,0
430,TU991,Applied Social Studies in Social Care,326,325,0
431,TU992,Community Development and Youth Work,251,251,0
432,TU995,Early Childhood Education,378,367,0
433,TU996,Social Care,407,400,0
434,TU997,Applied Social Care,320,310,0
435,TR002,Music,508,435,414
436,TR003,History,552,497,486
437,TR004,Law,590,566,532
438,TR005,Philosophy,510,442,391
439,TR006,Psychology,601,567,555
440,TR007,Clinical Speech and Language Studies,564,529,499
441,TR009,Music Education,496,420,430
442,TR015,Philosophy  Political Science  Economics and Socio,613,589,566
443,TR016,Deaf Studies,389,340,337
444,TR018,Law and French,602,565,532
445,TR019,Law and German,577,543,523
446,TR021,Classics  Ancient History and Archaeology,467,370,377
447,TR022,Early and Modern Irish,377,398,347
448,TR023,English Studies,546,487,463
449,TR024,European Studies,566,544,520
450,TR025,Drama and Theatre Studies,543,564,489
451,TR028,Ancient and Medieval History and Culture,498,342,339
452,TR031,Mathematics,579,531,566
453,TR032,Engineering,556,510,487
454,TR033,Computer Science,566,509,465
455,TR034,Management Science and Information Systems Studies,625,613,589
456,TR035,Theoretical Physics,590,543,554
457,TR038,Engineering with Management,589,532,499
458,TR039,Computer Science  Linguistics and a Language,443,454,435
459,TR040,Middle Eastern and European Languages and Cultures,520,466,485
460,TR041,Religion,417,368,347
461,TR042,Film,531,489,0
462,TR043,History of Art and Architecture,498,393,0
463,TR051,Medicine (HPAT required),743,735,730
464,TR052,Dental Science,625,613,590
465,TR053,Physiotherapy,590,566,533
466,TR054,Occupational Therapy,578,533,500
467,TR055,Radiation Therapy,577,543,510
468,TR056,Human Health and Disease,601,565,543
469,TR060,Biological and Biomedical Sciences,578,543,510
470,TR061,Chemical Sciences,558,517,488
471,TR062,Geography and Geoscience,495,473,435
472,TR063,Physical Sciences,554,498,498
473,TR064,Environmental Science and Engineering,555,0,0
474,TR072,Pharmacy,613,590,555
475,TR080,Global Business,613,589,565
476,TR081,Business  Economic and Social Studies (BESS),577,543,518
477,TR084,Social Studies (Social Work),497,462,420
478,TR085,Business Studies and French,564,540,509
479,TR086,Business Studies and German,530,509,474
480,TR087,Business Studies and Russian,487,474,467
481,TR089,Business Studies and Polish,391,444,393
482,TR090,Business Studies and Spanish,566,531,510
483,TR091,General Nursing (Meath and St James`s),462,429,393
484,TR093,General Nursing (Adelaide School of Nursing),473,430,378
485,TR095,Mental Health Nursing,442,408,358
486,TR097,Intellectual Disability Nursing,412,396,346
487,TR911,Children`s and General Nursing (Integrated),531,511,476
488,TR913,Midwifery,521,478,423
489,DN100,Architecture,555,510,473
490,DN120,Landscape Architecture,463,407,353
491,DN130,City Planning and Environmental Policy,445,407,367
492,DN150,Engineering (Common Entry),565,531,511
493,DN200,Science (options),577,533,521
494,DN201,Computer Science (Common Entry),554,510,488
495,DN230,Actuarial and Financial Studies,613,601,577
496,DN240,Sustainability,510,440,0
497,DN250,Agricultural Science (options),454,456,420
498,DN261,Food Science,531,477,434
499,DN262,Human Nutrition,566,531,493
500,DN300,Veterinary Medicine - Undergraduate Entry,601,589,567
501,DN301,Veterinary Medicine - Graduate Entry (GAMSAT requi,0,0,0
502,DN310,Veterinary Nursing,521,478,441
503,DN400,Medicine - Undergraduate Entry (HPAT required),743,737,735
504,DN401,Medicine - Graduate Entry (GAMSAT required),61,0,59
505,DN410,Radiography,566,534,507
506,DN411,Radiography - Graduate Entry,0,0,0
507,DN420,Physiotherapy,601,578,542
508,DN425,Health and Performance Science,544,510,488
509,DN430,Sport and Exercise Management,484,455,436
510,DN440,Biomedical  Health and Life Sciences,613,590,565
511,DN450,General Nursing,462,429,398
512,DN451,Children`s and General Nursing (Integrated),533,509,462
513,DN452,Midwifery,510,489,409
514,DN453,Mental Health Nursing,442,397,379
515,DN520,Joint Honours (options),381,310,336
516,DN530,Humanities (options),397,340,348
517,DN541,Modern Languages (options),320,303,348
518,DN600,Law (options),576,546,520
519,DN610,Business and Law,573,545,521
520,DN650,Commerce,555,521,498
521,DN660,Commerce International (options),555,517,507
522,DN670,Economics and Finance,625,613,601
523,DN700,Social Sciences (options),475,421,388
524,DN710,Economics,534,498,476
525,DN720,Psychology,566,530,517
526,DN750,Social Policy and Sociology,421,378,330
527,DK810,Accounting and Finance,307,305,306
528,DK816,Business Studies,301,300,300
529,DK820,Computing in Games Development,309,311,307
530,DK821,Computing in Software Development,320,302,301
531,DK822,Augmented and Virtual Reality,320,307,0
532,DK830,Building Surveying,305,336,302
533,DK831,Architectural Technology,368,389,301
534,DK832,Construction Management,358,387,300
535,DK843,Engineering (Common Entry),404,340,303
536,DK844,Mechanical Engineering,336,305,0
537,DK845,Electrical and Electronic Engineering,331,304,0
538,DK846,Civil Engineering,371,391,0
539,DK850,International Tourism Management,303,317,0
540,DK861,Arts,302,302,300
541,DK862,Social Care,322,301,300
542,DK863,Creative Media,336,308,300
543,DK864,Film and Television Production,308,300,300
544,DK865,Audio and Music Production,352,301,301
545,DK870,General Nursing,440,403,392
546,DK872,Intellectual Disability Nursing,367,336,300
547,DK874,Mental Health Nursing,398,356,356
548,DK876,Early Childhood Studies,300,321,305
549,DK877,Midwifery,482,440,398
550,DK880,Health and Physical Activity,301,328,300
551,DK882,Agriculture (Award options),342,310,303
552,DK883,Science (Award options),373,358,300
553,DK884,Sustainable Agriculture,348,0,0
554,DK885,Agri-Food Production,0,0,0
555,DK886,Biopharmaceutical Science,379,301,0
556,DK887,Environmental Science,377,330,0
557,GA181,Accounting,303,309,303
558,GA182,Business,285,287,290
559,GA183,Business Information Systems,298,296,309
560,GA184,Marketing and Sales,300,307,307
561,GA185,Finance and Economics,318,293,307
562,GA186,Business with Entrepreneurship,287,280,297
563,GA187,Rural Enterprise and Agri-Business,291,281,280
564,GA281,Film and Documentary,310,304,287
565,GA282,Heritage Studies,252,220,238
566,GA283,Contemporary Art (portfolio),790,679,260
567,GA284,Design,331,303,309
568,GA285,Education (Art  Design and Graphics),406,0,0
569,GA380,International Hotel Management,218,242,225
570,GA381,International Tourism Management,252,278,261
571,GA382,Culinary and Gastronomic Science,235,206,225
572,GA384,Event Management with Public Relations,230,212,209
573,GA480,Construction Management,302,260,260
574,GA482,Quantity Surveying and Construction Economics,304,288,280
575,GA483,Architectural Technology,281,265,251
576,GA484,Civil Engineering,377,290,270
577,GA580,Software and Electronic Engineering,300,300,301
578,GA680,Mechanical Engineering,400,330,336
579,GA681,Energy Engineering,312,293,281
580,GA682,Biomedical Engineering,331,313,331
581,GA683,Agricultural Engineering,304,309,301
582,GA684,Engineering Common Entry to Manu/Agri/Biomed/Energ,413,340,346
583,GA685,Manufacturing Engineering Design,336,309,0
584,GA780,Applied Freshwater and Marine Biology,366,327,300
585,GA781,Applied Biology and Biopharmaceutical Science,381,337,317
586,GA782,Chemical and Pharmaceutical Science,356,336,307
587,GA783,Physics and Instrumentation,301,363,373
588,GA784,Science (Undenominated),445,372,327
589,GA785,Medical Science,517,473,451
590,GA786,Forensic Science and Analysis,408,317,300
591,GA787,Computing in Software Development,310,270,275
592,GA788,Computing and Digital Media,270,274,270
593,GA789,Agriculture and Environmental Management,340,287,297
594,GA790,Sport and Exercise Science,376,356,350
595,GA791,Public Health Nutrition,368,368,364
596,GA880,General Nursing,440,429,389
597,GA882,Psychiatric Nursing,369,367,346
598,GA885,Outdoor Education,269,252,210
599,GA887,History and Geography,201,244,228
600,GA889,Applied Social Care,265,266,260
601,GA890,Early Childhood Education and Care,281,270,278
602,GA891,Geography and Outdoor Education,261,244,0
603,GA892,Community Development and Youth Work (Level 8),0,0,0
604,GA980,Education (Design Graphics and Construction),410,377,376
605,GA981,Furniture Design and Manufacture,346,0,271
606,GA982,Furniture Making and Architectural Woodworking,360,0,270
607,GA983,Furniture and Digital Manufacturing,0,0,0
608,GA984,Furniture Design  Making and Technology - Common E,486,284,0
609,GY101,Arts (Joint-Honours),327,300,300
610,GY104,BSc (Psychology),564,523,507
611,GY105,Arts (History),357,301,318
612,GY109,Arts (Mathematics and Education),413,403,411
613,GY110,Arts (Children and Youth Studies - options),387,357,382
614,GY111,Arts (English and Creative Writing),421,330,402
615,GY113,Arts with Human Rights,413,368,338
616,GY115,Arts with Performing Arts Studies,300,387,328
617,GY118,Arts (Drama  Theatre and Performance Studies),453,451,410
618,GY119,Arts (Journalism),484,400,410
619,GY122,Na D�na (Cumars�id agus Gaeilge),410,361,308
620,GY123,Applied Social Sciences,419,358,357
621,GY125,Arts (Digital Arts and Technology),403,328,324
622,GY127,Arts (Film and Digital Media),430,401,387
623,GY128,Arts (Global Languages),346,352,370
624,GY129,Arts (Global Experience),465,420,408
625,GY130,Arts (Music),462,408,400
626,GY132,Government (Politics  Economics and Law),465,407,402
627,GY133,Education (Computer Science and Mathematical Studi,454,422,401
628,GY134,Geography and Geosystems,425,410,0
629,GY135,Arts (Global Media),442,0,0
630,GY136,Na D�na (L�ann Teanga - options),526,0,0
631,GY201,Commerce,476,433,420
632,GY202,Commerce (International) with French,520,484,484
633,GY203,Commerce (International) with German,518,489,489
634,GY204,Commerce (International) with Spanish,506,495,484
635,GY206,Business Information Systems (Work Placement and O,509,465,431
636,GY207,Commerce (Accounting) including optional Global Ex,543,509,486
637,GY208,Commerce (Gaeilge),508,473,473
638,GY209,Commerce (Global Experience),551,530,509
639,GY250,Law and Business,510,487,436
640,GY251,Law (BCL),542,499,473
641,GY252,Law (BCL) and Human Rights,565,520,510
642,GY253,Law and Taxation,506,509,0
643,GY254,Law (BCL)  Criminology and Criminal Justice,548,530,0
644,GY261,Business Studies in International Hotel Management,503,497,486
645,GY262,Commerce in International Hotel Management (interv,709,681,671
646,GY301,Science,489,433,400
647,GY303,Biomedical Science,613,556,533
648,GY304,Biotechnology,498,465,473
649,GY308,Environmental Science,431,408,413
650,GY309,Financial Mathematics and Economics,509,487,454
651,GY310,Marine Science,467,419,409
652,GY313,Environmental Health and Safety,412,412,402
653,GY314,Earth and Ocean Sciences,422,403,402
654,GY318,Biopharmaceutical Chemistry,555,509,510
655,GY319,Mathematical Science,543,476,456
656,GY320,Physics (Degree options: Applied Astrophysics Biom,465,402,401
657,GY321,Genetics and Genomics,532,508,0
658,GY322,Agricultural Sciences,485,0,0
659,GY350,Computer Science and Information Technology,495,403,425
660,GY401,Engineering (Undenominated),522,465,444
661,GY402,Civil Engineering,533,455,509
662,GY405,Mechanical Engineering,541,454,443
663,GY406,Electronic and Computer Engineering,555,510,509
664,GY408,Biomedical Engineering,554,509,519
665,GY410,Project and Construction Management,431,403,434
666,GY413,Energy Systems Engineering,509,502,532
667,GY414,Electrical and Electronic Engineering,433,405,454
668,GY501,Medicine (five year/six year course  HPAT required,737,728,726
669,GY502,Occupational Therapy,601,555,532
670,GY503,Speech and Language Therapy,578,543,529
671,GY504,Podiatric Medicine,531,443,434
672,GY515,General Nursing (Galway and Portiuncula),502,476,442
673,GY516,Mental Health Nursing,475,440,388
674,GY517,Midwifery,520,495,429
675,LY108,Business - Accounting,312,309,318
676,LY118,Business,288,290,287
677,LY128,Marketing with Online Technologies,261,0,0
678,LY208,Law,300,300,300
679,LY228,Sports and Exercise - Common Entry,290,300,278
680,LY408,Design - Common Entry,301,320,307
681,LY508,Fire Safety Engineering,283,276,270
682,LY518,Quantity Surveying,304,301,307
683,LY528,Construction Management,262,271,267
684,LY538,Architectural Technology,234,0,0
685,LY608,Mechanical Engineering,300,300,304
686,LY618,Electronic Engineering,321,312,307
687,LY708,Applied Computing,320,306,300
688,LY748,Computer Science,316,317,0
689,LY818,Science - Common Entry,302,303,302
690,LY828,Agriculture - Common Entry,308,307,300
691,LY908,General Nursing,429,400,383
692,LY918,Psychiatric Nursing,367,357,291
693,LY928,Intellectual Disability Nursing,357,326,288
694,LY968,Early Childhood Care  Health and Education,288,303,300
695,LY978,Health and Social Care - Common Entry,279,280,260
696,MI001,Contemporary and Applied Theatre Studies,209,375,345
697,MI002,Arts,280,300,300
698,MI004,Education - Primary Teaching - International,589,577,0
699,MI005,Education - Primary Teaching,522,495,473
700,MI006,Education - Primary Teaching - Gaeltacht Applicant,485,456,442
701,MI007,Early Childhood Care and Education,409,357,366
702,MI008,Education and Psychology - Primary Teaching,590,588,543
703,MI009,Education  Business Studies and Accounting,434,402,392
704,MI010,Education  Business Studies and Religious Studies,370,368,326
705,MI011,Education  Gaeilge and Religious Studies,407,409,377
706,MI012,Education  Gaeilge and Business Studies,387,401,398
707,MI013,Education  Mathematics and Gaeilge,509,444,433
708,MI014,Education  Mathematics and Business Studies,476,434,0
709,CI110,Counselling and Psychotherapy,292,310,0
710,CI111,Counselling and Psychotherapy with Addiction Studi,290,301,0
711,CI112,Counselling and Psychotherapy with Youth Studies,325,311,0
712,LC110,Art and Design (Common Entry  portfolio),794,740,734
713,LC114,Fashion and Textiles for Product and Costume (port,914,880,900
714,LC115,Art and Design Teacher Education (LIT and UL  port,993,942,0
715,LC220,Digital Marketing,263,262,254
716,LC223,Law and Taxation,331,307,308
717,LC224,Accounting and Finance,300,300,299
718,LC225,Marketing and Management,298,298,298
719,LC226,Enterprise and Innovation,255,234,216
720,LC233,Software Development,280,272,300
721,LC234,Immersive Digital Media and Spatial Computing,226,225,219
722,LC236,Internet Systems Development,260,262,298
723,LC239,Computer Networks and Systems Management,317,307,335
724,LC241,Construction Management,326,255,276
725,LC242,Property Valuation and Management,308,282,292
726,LC243,Quantity Surveying,278,294,281
727,LC248,Built Environment (Common Entry),300,288,307
728,LC252,Civil Engineering Management,264,270,281
729,LC263,Medical Technology,391,294,282
730,LC265,Forensic and Pharmaceutical Sciences,498,413,335
731,LC266,Drug and Medicinal Product Analysis,252,262,236
732,LC275,Electrical Engineering,361,298,288
733,LC288,Mechanical Engineering,378,347,307
734,LC289,Precision Engineering,261,291,280
735,LC292,Social Care Work,374,367,360
736,LC293,Business Studies with Travel and Tourism Managemen,271,307,299
737,LC294,Business Studies with Event Management,279,279,271
738,LC295,Business Studies with Sports Management,262,252,263
739,LC297,Community and Addiction Studies,272,235,217
740,LC320,Business,381,346,337
741,LC330,Business with Computing,328,297,298
742,LC340,Interior Design,391,350,298
743,LC362,Biotechnology and Biopharmaceutical Sciences,429,413,379
744,LC371,Creative Broadcast and Film Production,325,309,298
745,LC372,Music Technology and Production,377,325,321
746,LC374,Renewable and Electrical Energy Engineering,337,318,317
747,LC375,Industrial Automation and Robotic Systems,309,317,321
748,LC376,Electronic Engineering with Computer Systems,357,318,308
749,LC380,Automotive Engineering and Transport Management,298,303,282
750,LC392,Business Studies in Beauty and Spa Management,328,236,217
751,LC393,Early Childhood Education and Care,309,236,260
752,LC402,Social Care Work,228,225,209
753,LC408,Environmental Science and Climate,279,279,262
754,LC416,Business,260,274,0
755,LC418,Computing - Games Design and Development,260,270,271
756,LC422,Applied Strength and Conditioning,289,298,288
757,LC502,Game Art and Design (portfolio),841,852,838
758,LC517,Creative Media and Design,279,234,229
759,LC518,Digital Animation Production (portfolio),807,808,816
760,LC612,Social Care Work,309,320,319
761,LM002,Arts,360,348,329
762,LM019,Social Sciences,451,0,0
763,LM020,Law and Accounting,474,465,436
764,LM026,Performing Arts (audition format TBC),329,303,307
765,LM028,Criminal Justice,420,418,387
766,LM029,Law Plus,530,490,473
767,LM038,Psychology and Sociology,530,500,478
768,LM039,Journalism and Digital Communication,432,402,388
769,LM040,European Studies,409,369,350
770,LM044,Applied Languages,429,442,404
771,LM050,Business Studies (options),451,431,419
772,LM056,International Business,555,528,511
773,LM058,Financial Mathematics,468,403,434
774,LM063,Technology Management,410,379,372
775,LM066,Environmental Science,430,0,0
776,LM068,Food Science and Health,464,421,400
777,LM076,Product Design and Technology (portfolio required),401,408,402
778,LM077,Aeronautical Engineering,567,520,469
779,LM082,Construction Management and Engineering,446,398,368
780,LM089,Sport and Exercise Sciences,498,474,441
781,LM090,Physical Education with concurrent Teacher Educati,552,532,498
782,LM091,Languages with concurrent Teacher Education,506,517,0
783,LM092,Science with Teacher Ed (Biology with Physics/Chem,521,507,478
784,LM093,Equine Science,367,339,338
785,LM094,Materials and Architectural Technology with concur,475,440,405
786,LM095,Materials and Engineering Technology with concurre,425,367,358
787,LM096,Science with Teacher Ed (Physical Sciences with Ch,454,405,382
788,LM097,Mathematics and Computer Science with concurrent T,465,402,0
789,LM099,Architecture,520,498,419
790,LM100,Physiotherapy,613,589,565
791,LM101,Medicine  - Graduate Entry (GAMSAT required),57,55,55
792,LM102,Psychology,534,509,495
793,LM103,Paramedic Studies (Full B/Provisional C1 Drivers L,429,392,313
794,LM105,Exercise and Health Fitness Management,441,0,0
795,LM115,Chemical and Biochemical Engineering,476,454,456
796,LM116,Engineering (Biomedical/Civil/Design and Manufactu,498,476,434
797,LM118,Electronic and Computer Engineering,445,403,401
798,LM121,Computer Science (Computer Systems/Games Dev/Cyber,402,351,352
799,LM122,Creative Media and Interaction Design (Digital Des,382,327,330
800,LM123,Biological and Chemical Sc. (Biosci/Envir Sci/Ind,498,441,412
801,LM124,Mathematics (Math Science/Maths and Physics/Econom,455,437,427
802,LM125,Physics (Applied Physics or Mathematics and Physic,489,404,405
803,LM150,General Nursing,498,475,440
804,LM152,Mental Health Nursing,478,419,388
805,LM154,Intellectual Disability Nursing,462,420,381
806,LM156,Midwifery,521,469,429
807,MU001,Theology and Arts,294,290,290
808,MU002,Theology,0,440,292
809,MH001,Education - Primary Teaching (Froebel),564,507,496
810,MH002,Education - Primary Teaching - Gaeltacht Applicant,0,0,441
811,MH003,Early Childhood - Teaching and Learning (full-time,381,0,0
812,MH101,Arts,338,318,316
813,MH103,Music,0,#,0
814,MH106,Psychology - 3 years,554,521,495
815,MH107,Social Science,390,346,326
816,MH109,Media Studies,324,316,317
817,MH116,Community and Youth Work (Full-Time),0,#,0
818,MH201,Science,401,360,350
819,MH202,Biotechnology,490,455,429
820,MH203,Biological and Geographical Sciences,451,430,0
821,MH204,Physics with Astrophysics,422,422,420
822,MH206,Theoretical Physics and Mathematics,521,510,498
823,MH207,Data Science,444,445,434
824,MH208,Biological and Biomedical Sciences,543,498,451
825,MH209,Psychology (through Science) - 4 years,529,498,473
826,MH210,Pharmaceutical and Biomedical Chemistry,510,487,446
827,MH212,Science|Maths and Computer Science|Mathematics (wi,452,422,444
828,MH304,Engineering (Computer/Electronic/Communications),351,333,371
829,MH305,Product Design,326,357,358
830,MH306,Robotics and Intelligent Devices,362,361,361
831,MH401,Finance (options),370,357,352
832,MH402,Quantitative Finance,476,476,476
833,MH403,Accounting and Finance,424,422,402
834,MH404,Business (options),441,430,400
835,MH407,Business and Accounting,423,420,401
836,MH411,Entrepreneurship,378,371,358
837,MH501,LLB Law - four year Single Major Law programme,507,473,451
838,MH502,Law (options),465,451,410
839,MH601,Computer Science through Arts (options),381,352,342
840,MH602,Computer Science through Science (options),400,351,357
841,MH603,Computational Thinking,520,532,520
842,MH801,Early Childhood - Teaching and Learning (part-time,AQA,327,347
843,MH802,Community and Youth Work (part-time  in service),0,#,0
844,MH803,Local Studies/Community Studies (part-time  evenin,0,#,0
845,AS001,Education  Home Economics and Biology - with concu,542,510,456
846,AS002,Education  Home Economics and Religious Ed - with,464,441,400
847,AS003,Education  Home Economics and Irish - with concurr,463,440,421
848,AS051,Nutrition  Food and Business Management,378,328,337
849,AS054,Home Economics,440,408,387
850,AS110,General Nursing,440,419,391
851,AS130,Intellectual Disability Nursing,387,336,317
852,SG141,Business,262,261,252
853,SG145,Business and ICT,279,0,0
854,SG146,Accounting,304,309,307
855,SG147,Sport with Business,288,307,269
856,SG148,Tourism with Event Management,298,269,246
857,SG150,Business in Marketing,298,0,0
858,SG241,Performing Arts,341,328,279
859,SG242,Early Childhood Care and Education,287,279,278
860,SG243,Social Care Practice,309,301,297
861,SG244,Fine Art,501,505,355
862,SG245,Creative Design,332,282,261
863,SG246,Computing,316,290,295
864,SG247,English and Psychology,319,309,308
865,SG248,Sociology and Politics,298,281,282
866,SG249,Writing and Literature,308,297,279
867,SG252,Software Development,310,307,300
868,SG253,Computing in Computer Networks and Cyber Security,336,324,273
869,SG254,Writing and Literature Online,327,225,0
870,SG255,Law and Business,291,0,0
871,SG341,General Engineering,373,0,0
872,SG342,Civil Engineering,418,415,0
873,SG343,Quantity Surveying,300,311,261
874,SG344,Mechanical Engineering,412,0,0
875,SG346,Construction Project Management and Applied Techno,313,291,289
876,SG347,Architecture,403,360,309
877,SG348,Interior Architecture and Design,359,316,0
878,SG349,Electronics and Self Driving Technologies,0,0,0
879,SG350,Robotics and Automation,384,0,0
880,SG442,Occupational Safety and Health,307,290,289
881,SG443,Human Nutrition,376,356,357
882,SG444,Science Undenominated,358,338,308
883,SG445,Pharmaceutical Science with Drug Development,357,311,347
884,SG447,Health Science and Physical Activity,326,328,316
885,SG448,Forensic Investigation and Analysis,308,306,306
886,SG449,Medical Biotechnology,315,341,329
887,SG450,Environmental Science with Ecology (Level 8),310,300,0
888,TL801,Animation  Visual Effects and Motion Design (Level,718,281,281
889,TL802,TV  Radio and New Media (Level 8),322,325,306
890,TL810,Computing with Software Development,308,310,309
891,TL811,Computing with Games Development,322,358,310
892,TL815,Computing (Degree Award options),307,308,308
893,TL823,Event Management (3 year programme),293,299,291
894,TL831,Business Studies (Major Specialism in: Acctng or M,306,306,307
895,TL842,Construction Management,0,0,0
896,TL844,Agricultural Engineering,301,300,311
897,TL845,Civil Engineering,361,325,300
898,TL847,Manufacturing Engineering,305,302,0
899,TL848,Agricultural Science,307,308,331
900,TL851,Wildlife Biology (Degree Award options),309,309,310
901,TL855,Pharmaceutical Science (Degree Award options),316,317,342
902,TL858,Veterinary Bioscience,317,308,326
903,TL871,Health and Leisure (Degree Award options),303,300,303
904,TL872,Health and Leisure with Massage,314,309,288
905,TL873,Coaching and Sports Performance,308,289,282
906,TL874,Inclusive Sport and Physical Activity,341,0,0
907,TL880,Early Childhood Care and Education,309,307,307
908,TL881,Social Care,301,308,308
909,TL889,Counselling with Addiction - Mature applicants onl,0,0,0
910,TL890,General Nursing and Mature Applicants,463,440,407
911,TL891,Mental Health Nursing and Mature Applicants,440,389,367
912,WD001,Applied Computing (options),270,260,279
913,WD002,Science (options),279,308,302
914,WD005,Health Sciences (options),271,280,288
915,WD006,Exercise Sciences (options),270,280,282
916,WD007,Engineering (options),270,288,287
917,WD025,Construction Management and Engineering,262,269,269
918,WD027,Music,321,262,290
919,WD048,Business (options),279,271,278
920,WD084,Accounting,308,308,307
921,WD091,Hospitality Management,225,228,210
922,WD116,General Nursing,446,422,413
923,WD117,Psychiatric Nursing,415,366,361
924,WD120,Intellectual Disability Nursing,390,377,338
925,WD134,International Business,267,290,289
926,WD137,Design (Visual Communications),252,271,253
927,WD140,Laws,280,280,290
928,WD144,Architecture,309,284,283
929,WD147,Pharmaceutical Science,288,293,298
930,WD150,Criminal Justice Studies,280,270,271
931,WD152,Visual Art,243,AQA,253
932,WD161,Computer Forensics and Security,270,255,262
933,WD162,Quantity Surveying,226,216,260
934,WD163,Psychology,456,434,390
935,WD186,Sports Coaching and Performance,261,270,276
936,WD187,Social Science,276,272,271
937,WD191,Agricultural Science,377,377,378
938,WD192,Social Care Practice,271,270,279
939,WD193,Marketing and Digital Media,279,271,290
940,WD194,Culinary Arts,237,217,235
941,WD195,Architectural and Building Information Modelling T,279,279,266
942,WD200,Arts (options),201,AQA,221
943,WD210,Software Systems Development,260,279,271
944,WD211,Creative Computing,270,271,275
945,WD212,Recreation and Sport Management,262,270,274
946,WD230,Mechanical and Manufacturing Engineering,230,253,273
947,WD231,Early Childhood Care and Education,266,0,0
948,WD232,Business Information Systems,261,0,0
949,AL600,Software Design,0,AQA,0
950,AL601,Computer Engineering,0,AQA,0
951,AL602,Mechanical Engineering,0,AQA,0
952,AL604,Civil Engineering,0,AQA,0
953,AL605,Music and Instrument Technology,0,AQA,0
954,AL630,Pharmacy Technician,0,295,0
955,AL631,Dental Nursing,0,300,0
956,AL632,Applied Science,0,234,0
957,AL650,Business,0,207,0
958,AL660,Culinary Arts,0,AQA,0
959,AL661,Bar Supervision,0,AQA,0
960,AL663,Business (Sport and Recreation),0,AQA,0
961,AL701,Computer Engineering with Network Infrastructure,0,216,0
962,AL702,Software Design with Artificial Intelligence for Cloud Computing,0,214,0
963,AL703,Software Design with Virtual Reality and Gaming,0,216,0
964,AL704,Computer Engineering,0,204,0
965,AL705,Software Design with Mobile Apps and Connected Devices,0,216,0
966,AL710,Mechanical Engineering,0,223,0
967,AL711,Mechanical Engineering and Renewable Energy,0,228,0
968,AL712,Automation and Robotics,0,252,0
969,AL713,Engineering (Common Entry to Mechanical/Renewable/Mechatronic Eng),0,218,0
970,AL718,Music and Sound Engineering,0,214,0
971,AL721,Civil Engineering,0,233,0
972,AL730,Biotechnology,0,250,0
973,AL731,Veterinary Nursing,0,400,0
974,AL734,Pharmaceutical Sciences (Drug Development and Analysis),0,244,0
975,AL740,Exercise and Health Science,0,250,0
976,AL751,Digital Marketing,0,241,0
977,AL752,Business,0,225,0
978,AL761,Hotel and Leisure Management,0,208,0
979,AL763,Graphic Design (portfolio),0,781,0
980,AL764,Early Years Care and Education,0,260,0
981,AL765,Applied Social Studies in Social Care,0,280,0
982,CI001,Counselling Skills and Psychotherapy Studies,0,300,0
983,CI002,Counselling Skills and Addiction Studies,0,309,0
984,CI005,Counselling Skills and Youth Studies,0,306,0
985,CR001,Applied Physics and Instrumentation,0,250,0
986,CR006,Applied Biosciences,0,361,0
987,CR007,Analytical and Pharmaceutical Chemistry,0,240,0
988,CR010,Agriculture (Year 1 - 2 days in Clonakilty Agri College & 3 days in CIT),0,321,0
989,CR016,Software Development,0,307,0
990,CR021,Business (Common Entry),0,255,0
991,CR022,Business Administration,0,190,0
992,CR031,Social Care Work,0,346,0
993,CR032,Recreation and Leisure Management,0,298,0
994,CR035,Community Development,0,100,0
995,CR041,Tourism Management,0,216,0
996,CR042,Hospitality Management,0,208,0
997,CR046,Automotive Technology and Management,0,216,0
998,CR051,Civil Engineering,0,248,0
999,CR052,Construction,0,251,0
1000,CR053,Interior Architecture,0,308,0
1001,CR055,Environmental Engineering,0,258,0
1002,CR061,Electronic Engineering,0,260,0
1003,CR062,Electrical Engineering,0,300,0
1004,CR071,Mechanical Engineering,0,261,0
1005,CR075,Biomedical Engineering,0,306,0
1006,CR090,Architectural Technology,0,266,0
1007,CR094,Nautical Science at National Maritime College of Ireland,0,243,0
1008,CR095,Marine Engineering at National Maritime College of Ireland,0,255,0
1009,CR126,Popular Music: Drums at CIT Cork School of Music,0,801,878
1010,CR127,Popular Music: Electric Guitar at CIT Cork School of Music,0,838,584
1011,CR128,Popular Music: Keyboards at CIT Cork School of Music,0,840,839
1012,CR129,Popular Music: Voice at CIT Cork School of Music,0,841,857
1013,CR300,Physical Sciences (Common Entry),0,282,0
1014,CR620,Early Childhood Education and Care,0,365,0
1015,CR640,Culinary Arts,0,244,0
1016,CR650,Beverage Industry Management,0,209,0
1017,CR655,Culinary Studies,0,189,0
1018,CR657,Hospitality Studies,0,180,0
1019,CR805,Marine Electrotechnology at National Maritime College of Ireland,0,235,0
1020,CR888,Information Technology,0,290,0
1021,CT110,Computing in Information Technology,0,210,0
1022,CT116,Information Technology,0,219,0
1023,CW006,Business,0,AQA,0
1024,CW027,Sustainable Farm Management and Agribusiness,0,266,0
1025,CW037,Business (options),0,195,0
1026,CW047,Visual Communications and Design,0,214,0
1027,CW057,Art (portfolio),0,700,0
1028,CW077,Tourism and Event Management,0,217,0
1029,CW106,Physiology and Health Science,0,451,0
1030,CW107,Analytical Science,0,277,0
1031,CW116,Pharmacy Technician Studies,0,250,0
1032,CW117,Biosciences,0,205,0
1033,CW126,Science - Applied Biology or Applied Chemistry,0,191,0
1034,CW206,Computing - Applications or Programming,0,235,0
1035,CW207,Software Development,0,244,0
1036,CW217,Information Technology Management,0,234,0
1037,CW227,Cybercrime and IT Security,0,233,0
1038,CW237,Computing in Interactive Digital Art and Design,0,212,0
1039,CW407,Architectural Technology,0,188,0
1040,CW417,Construction Management with Building Services,0,220,0
1041,CW427,Civil Engineering,0,199,0
1042,CW507,Aircraft Systems,0,293,0
1043,CW517,Mechanical Engineering,0,276,0
1044,CW527,Electronic Engineering,0,227,0
1045,CW547,TV and Media Production,0,301,0
1046,CW706,Legal Studies,0,163,0
1047,CW707,Industrial Design,0,207,0
1048,CW717,Professional Social Care Practice,0,288,0
1049,CW807,Sport Coaching and Business Management - GAA (portfolio),0,700,0
1050,CW817,Sport Coaching and Business Management - Rugby (portfolio),0,700,0
1051,CW827,Sport Coaching and Business Management - Soccer (portfolio),0,700,0
1052,CW837,Digital Marketing with Analytics,0,200,0
1053,CW906,Business,0,177,0
1054,CW917,Business (options),0,224,0
1055,CW926,Business with Law,0,210,0
1056,CW936,Accounting,0,231,0
1057,DB516,Financial Services,0,0,328
1058,DB528,Applied Social Care,0,AQA,0
1059,DB534,Sound Engineering and Music Production,0,AQA,0
1060,DB563,Arts,0,161,0
1061,DB571,Business Studies,0,173,0
1062,DB572,Business in Accounting,0,119,0
1063,DB573,Business in Marketing,0,117,0
1064,DB574,Business in Information Technology,0,136,0
1065,DB576,Film and Creative Media,0,AQA,0
1066,DC201,Common Entry into Science (Undenominated Entry),0,498,454
1067,DC239,"Gaeilge, Iriseoireacht agus na Meáin Dhigiteacha",0,430,0
1068,DK710,Business and Management,0,120,0
1069,DK711,Business and Technology,0,191,0
1070,DK712,Digital Marketing and Public Relations,0,100,0
1071,DK721,Computing,0,106,0
1072,DK722,Augmented and Virtual Reality,0,144,0
1073,DK730,Building Surveying,0,165,0
1074,DK731,Architectural Technology,0,332,0
1075,DK732,Construction Management,0,120,0
1076,DK740,Engineering - Electrical and Electronic Systems,0,179,0
1077,DK742,Engineering - Mechanical Engineering,0,166,0
1078,DK744,Engineering - Civil Engineering,0,190,0
1079,DK750,Hospitality Management,0,176,0
1080,DK752,Event Management,0,175,0
1081,DK753,Culinary Arts,0,182,0
1082,DK763,"Sport, Exercise and Enterprise",0,233,0
1083,DK767,Community Youth Work (interview),0,240,0
1084,DK768,Audio and Music Production,0,261,0
1085,DK769,Creative Media,0,165,0
1086,DK770,Theatre & Film Practice,0,190,0
1087,DK771,Musical Theatre (audition),0,0,0
1088,DK781,Science - Bioscience,0,358,0
1089,DK783,Science - Pharmaceutical Science,0,349,0
1090,DK784,Veterinary Nursing,0,399,0
1091,DK860,Music (audition),0,532,499
1092,DL701,Business - Applied Entrepreneurship,0,AQA,0
1093,DL821,"English, Media and Cultural Studies",0,212,211
1094,DL828,"3D Design, Modelmaking and Digital Art",0,506,691
1095,DL829,Design for Stage and Screen (Costume Design),0,593,817
1096,DL830,Design for Stage and Screen (Character Makeup Design),0,939,879
1097,DL831,Design for Stage and Screen (Production Design),0,781,893
1098,DL834,Film and Television Production,0,990,933
1099,DN252,Dairy Business,0,410,398
1100,DN253,Agri - Environmental Sciences,0,418,403
1101,DN271,Forestry,0,311,303
1102,DN272,"Horticulture, Landscape and Sportsturf Management",0,297,252
1103,DS602,Computing and Multimedia (Level 6 - Higher Certificate),0,0,0
1104,DS603,Computing and Multimedia (Level 6 - Certificate),0,0,0
1105,DS701,Business,0,0,0
1106,DS702,Computing and Multimedia (Level 7),0,0,0
1107,GA160,Business,0,163,0
1108,GA170,Business,0,250,0
1109,GA171,Business Information Systems,0,250,0
1110,GA172,Rural Enterprise and Agri-Business,0,277,0
1111,GA174,Marketing and Sales,0,281,0
1112,GA175,Finance,0,278,0
1113,GA176,Business with Entrepreneurship,0,278,0
1114,GA272,Heritage Studies,0,188,0
1115,GA273,Contemporary Art,0,702,0
1116,GA274,Design,0,251,0
1117,GA360,Business in Tourism,0,172,0
1118,GA361,Culinary Arts,0,193,0
1119,GA362,Hotel and Hospitality Operations,0,240,0
1120,GA364,Heritage Studies,0,252,0
1121,GA370,Hotel and Catering Management,0,198,0
1122,GA376,Event Management with Public Relations,0,206,0
1123,GA377,International Tourism Management,0,172,0
1124,GA378,Culinary and Gastronomic Science,0,219,0
1125,GA470,Construction Management,0,244,0
1126,GA471,Quantity Surveying and Construction Economics,0,200,0
1127,GA472,Architectural Technology,0,226,0
1128,GA473,Civil Engineering,0,241,0
1129,GA570,Software and Electronic Engineering,0,224,0
1130,GA670,Mechanical Engineering,0,265,0
1131,GA673,Energy Engineering,0,260,0
1132,GA674,Biomedical Engineering,0,298,0
1133,GA675,Agricultural Engineering,0,298,0
1134,GA676,Engineering (Common Entry to Manu/Agri/Biomed/Energy/Mech Eng),0,290,0
1135,GA677,Manufacturing Engineering Design,0,235,0
1136,GA770,Applied Freshwater and Marine Biology,0,280,0
1137,GA771,Applied Biology and Biopharmaceutical Science,0,280,0
1138,GA772,Chemical and Pharmaceutical Science,0,280,0
1139,GA773,Physics and Instrumentation,0,299,0
1140,GA774,Science (Undenominated),0,289,0
1141,GA775,Computing in Software Development,0,260,0
1142,GA776,Computing and Digital Media,0,241,0
1143,GA777,Agriculture and Environmental Management,0,281,0
1144,GA862,History & Geography,0,178,0
1145,GA864,Early Childhood Education and Care,0,214,0
1146,GA870,Outdoor Education and Leisure,0,182,0
1147,GA871,Early Childhood Education and Care,0,190,0
1148,GA872,Culture and Environment,0,196,0
1149,GA879,Applied Social Care,0,244,0
1150,GA974,"Furniture Design, Making and Technology - Common Entry",0,214,0
1151,GB001,Business,0,0,0
1152,GC250,Communications and Media Production,0,0,0
1153,GC305,International Hospitality Management,0,253,327
1154,GC306,International Hospitality Management,0,253,0
1155,GC335,Computing,0,217,0
1156,GC410,Marketing,0,145,0
1157,GC411,Business,0,135,0
1158,GC435,Computing,0,AQA,0
1159,GC460,Music Production for Games (portfolio),0,0,0
1160,GC465,Communications,0,AQA,0
1161,GC466,Film and TV Production,0,AQA,0
1162,GC470,Photographic Media,0,169,0
1163,GC475,Photography,0,150,0
1164,GC490,Interior Design,0,117,0
1165,GC495,Fashion,0,129,0
1166,GY107,Na Dána (Gaeilge agus Léann an Aistriúcháin),0,409,330
1167,GY112,Arts with Film Studies,0,321,338
1168,GY120,"Arts (Child, Youth and Family: Policy and Practice)",0,350,309
1169,GY121,Arts (Children`s Studies),0,356,356
1170,GY124,Arts (Arts with Data Science),0,454,434
1171,GY126,Arts (English and Media Studies),0,391,418
1172,GY131,Arts (History and Globalisation Studies),0,360,340
1173,LC221,Accounting and Finance,0,241,0
1174,LC222,Marketing and Management,0,270,0
1175,LC228,Sports Development and Coaching,0,205,0
1176,LC230,Business with Computing,0,217,0
1177,LC235,Internet Systems Development,0,205,0
1178,LC251,Civil Engineering,0,206,0
1179,LC257,Interior Design,0,264,0
1180,LC260,Applied Biology,0,326,0
1181,LC267,Forensic and Pharmaceutical Sciences,0,329,0
1182,LC268,Medical Technology,0,289,0
1183,LC270,Music Technology and Production,0,307,0
1184,LC271,Electrical Engineering,0,261,0
1185,LC276,Creative Broadcast and Film Production,0,297,0
1186,LC277,Industrial Automation and Robotic Systems,0,232,0
1187,LC278,Renewable and Electrical Energy Engineering,0,280,0
1188,LC279,Electronic Engineering,0,214,0
1189,LC281,Automobile Technology,0,208,0
1190,LC283,Precision Engineering,0,227,0
1191,LC284,"Agricultural Mechanisation at Salesian Agricultural College,Pallaskenry",0,200,0
1192,LC285,Mechanical Engineering,0,272,0
1193,LC286,Road Transport Technology and Management,0,264,0
1194,LC290,Community Sport Development,0,188,0
1195,LC336,Computing,0,207,0
1196,LC398,Culinary Arts,0,163,0
1197,LC399,Hospitality Supervision,0,148,0
1198,LC401,Early Childhood Education and Care,0,297,298
1199,LC414,Data Analytics and Cyber Security,0,236,0
1200,LC415,Business,0,197,0
1201,LC423,Sports Strength and Conditioning,0,157,0
1202,LC425,Environmental Science,0,278,0
1203,LC428,Environmental Science and Agriculture,0,278,0
1204,LC432,Early Childhood Education and Care,0,144,0
1205,LC434,Environmental Science and Agriculture,0,297,278
1206,LC504,Creative Media and Design,0,192,0
1207,LC602,Social Care Work,0,260,0
1208,LC603,Early Childhood Education and Care,0,147,0
1209,LC605,Business,0,195,0
1210,LC613,Early Childhood Education and Care,0,242,346
1211,LM180,Equine Science,0,337,0
1212,LY107,Business - Common Entry,0,161,0
1213,LY206,Sports Studies,0,149,0
1214,LY207,Law with Criminal Justice,0,160,0
1215,LY317,Culinary Arts,0,229,0
1216,LY327,Hospitality And Tourism - Common Entry,0,170,0
1217,LY427,Digital Film and Video,0,172,0
1218,LY437,Animation,0,198,0
1219,LY447,Fashion with Promotion,0,266,0
1220,LY457,Graphic and Digital Design,0,179,0
1221,LY507,Quantity Surveying,0,181,0
1222,LY527,Civil Engineering,0,165,0
1223,LY607,Electronic Engineering,0,160,0
1224,LY617,Mechanical Engineering,0,180,0
1225,LY707,Computer Games Development,0,204,0
1226,LY717,Computing,0,164,0
1227,LY737,Computer Security and Digital Forensics,0,169,0
1228,LY806,Pharmacy Technician,0,232,0
1229,LY816,Dental Nursing,0,233,0
1230,LY817,Bioscience,0,248,0
1231,LY826,Health Science with Physiotherapy Studies,0,456,0
1232,LY836,Health Science with Occupational Therapy Studies,0,473,0
1233,LY837,Food Science and Nutrition,0,194,0
1234,LY846,Health Science with Dietetics Studies,0,316,0
1235,LY847,Veterinary Nursing,0,367,0
1236,LY867,Pharmaceutical & Medicinal Science,0,163,0
1237,LY877,Agriculture,0,202,0
1238,LY906,"Early Childhood Care, Health and Education",0,205,0
1239,LY916,Health and Social Care,0,181,0
1240,MH405,Equine Business,0,357,357
1241,NC102,Computing,0,220,0
1242,NC103,Business,0,250,0
1243,NC104,Business Computing,0,243,0
1244,NM701,Montessori Education,0,187,0
1245,PC402,Arts and Humanities,0,200,0
1246,PC404,Applied Social Studies - Professional Social Care,0,217,0
1247,SG101,Business,0,160,0
1248,SG102,Computing (Level 6 - General Entry),0,254,0
1249,SG131,Computing - Games Development,0,280,0
1250,SG134,Applied Sport with Business,0,215,0
1251,SG135,Business in Tourism with Event Management,0,187,0
1252,SG136,Computing - Software Development,0,272,0
1253,SG137,Computing (Computer Networks and Cloud Infrastructure),0,324,0
1254,SG138,Computing (Level 7 - General Entry),0,260,0
1255,SG142,Business in International Marketing and Languages (French),0,279,270
1256,SG144,Business in International Marketing and Languages (Spanish),0,270,280
1257,SG231,Fine Art,0,449,0
1258,SG232,Creative Design,0,273,0
1259,SG235,Performing Arts (Theatre Design),0,319,0
1260,SG236,Performing Arts (Acting),0,235,0
1261,SG250,Application Design and User Experience,0,412,290
1262,SG251,Computing (Smart Technologies),0,327,303
1263,SG300,Engineering (General Entry),0,209,0
1264,SG302,Construction Economics,0,184,0
1265,SG308,Applied Construction Technology,0,171,0
1266,SG330,Engineering (General Entry),0,243,0
1267,SG331,Interior Architecture and Design,0,236,0
1268,SG332,Advanced Wood and Sustainable Building Technology,0,208,0
1269,SG333,Mechanical Engineering,0,216,0
1270,SG334,Mechatronic Engineering,0,290,0
1271,SG336,Precision Engineering and Design,0,309,0
1272,SG338,Civil Engineering,0,245,0
1273,SG339,Quantity Surveying,0,195,0
1274,SG401,Science,0,209,0
1275,SG404,Environmental Science with Ecology (Level 6),0,264,0
1276,SG406,Health and Exercise Science,0,367,0
1277,SG431,Pharmaceutical Science with Drug Development,0,269,0
1278,SG433,Occupational Safety and Health,0,223,0
1279,SG434,Human Nutrition,0,280,0
1280,SG435,Health Science and Physiology,0,289,0
1281,SG436,Biomedical Science,0,262,0
1282,SG437,Forensic Investigation and Analysis,0,243,0
1283,SG439,Environmental Science with Ecology (Level 7),0,254,0
1284,SG530,Health and Medical Information Science (Online),0,285,0
1285,SG535,Business Administration,0,228,0
1286,SG536,Business,0,223,0
1287,SG537,Marketing and Sales,0,234,0
1288,TL620,Culinary Arts,0,189,0
1289,TL651,Science (Biological and Environmental Studies),0,223,0
1290,TL652,Pharmacy Technician,0,260,0
1291,TL701,"Animation, Visual Effects and Motion Design (Level 7)",0,228,0
1292,TL702,"TV, Radio and New Media (Level 7)",0,243,0
1293,TL710,Computing with Software Development,0,232,0
1294,TL711,Computing with Games Development,0,224,0
1295,TL715,Computing (Degree Award options),0,251,0
1296,TL716,Computer Systems and Networking,0,269,0
1297,TL731,Business (Major Specialism in: Acctng or Mktg or Mgmnt),0,219,0
1298,TL743,Agricultural Mechanisation,0,0,0
1299,TL744,Agricultural Engineering,0,243,0
1300,TL745,Civil and Environmental Engineering,0,261,0
1301,TL747,Engineering in Mechanical and Manufacturing Engineering,0,200,0
1302,TL748,Agricultural Science,0,249,0
1303,TL755,Pharmaceutical Science (Degree Award options),0,261,0
1304,TL758,Animal Bioscience,0,251,0
1305,TL771,Health and Leisure (Degree Award Options),0,208,0
1306,TL772,Health and Leisure with Massage,0,218,0
1307,TL773,Coaching and Sports Performance,0,106,0
1308,TL780,Early Childhood Care and Education,0,234,0
1309,TL781,Social Care,0,225,0
1310,TR012,History and Political Science,0,555,532
1311,TR017,Law and Business,0,602,576
1312,TR020,Law and Political Science,0,602,567
1313,TR029,Political Science and Geography,0,526,477
1314,TR082,Computer Science and Business,0,555,510
1315,TR083,Sociology and Social Policy,0,498,451
1316,TR111,Ancient History and Archaeology/Geography,0,352,0
1317,TR112,Ancient History and Archaeology/History,0,529,0
1318,TR113,Ancient History and Archaeology/History of Art and Architecture,0,337,0
1319,TR114,Ancient History and Archaeology/Modern Language,0,337,0
1320,TR117,Ancient History and Archaeology/Religion,0,342,0
1321,TR166,Classical Civilisation/English Literature,0,498,0
1322,TR173,Classical Civilisation/History of Art and Architecture,0,335,0
1323,TR177,Classical Civilisation/Modern Language,0,335,0
1324,TR179,Classical Civilisation/Philosophy,0,499,0
1325,TR198,Economics/Geography,0,534,0
1326,TR202,Economics/History,0,534,0
1327,TR207,Economics/Mathematics,0,566,0
1328,TR208,Economics/Modern Language,0,534,0
1329,TR209,Economics/Philosophy,0,534,0
1330,TR212,Economics/Sociology,0,534,0
1331,TR228,Classical Languages/English Literature,0,498,0
1332,TR231,Classical Languages/History of Art and Architecture,0,349,0
1333,TR233,"Classical Languages/Middle Eastern,Jewish and Islamic Civilisations",0,349,0
1334,TR239,Classical Languages/Modern Language,0,349,0
1335,TR262,English Literature/History,0,529,0
1336,TR263,English Literature/History of Art and Architecture,0,498,0
1337,TR269,English Literature/Philosophy,0,499,0
1338,TR272,English Literature/Sociology,0,498,0
1339,TR276,English Literature/Drama Studies,0,#498,0
1340,TR277,English Literature/Modern Language,0,498,0
1341,TR311,Film/Drama Studies,0,#521,0
1342,TR312,Film/English Literature,0,521,0
1343,TR320,Film/Music,0,521,0
1344,TR322,Geography/History,0,529,0
1345,TR323,Drama Studies/Modern Language,0,#473,0
1346,TR324,Film/Modern Language,0,521,0
1347,TR325,Film/History,0,529,0
1348,TR326,Geography/Modern Language,0,352,0
1349,TR332,Geography/Sociology,0,498,0
1350,TR443,History/History of Art and Architecture,0,529,0
1351,TR447,History/Modern Language,0,529,0
1352,TR449,History/Philosophy,0,529,0
1353,TR452,History/Sociology,0,529,0
1354,TR454,History/Religion,0,529,0
1355,TR455,History of Art and Architecture/Modern Language,0,334,0
1356,TR479,History of Art and Architecture/Philosophy,0,499,0
1357,TR547,"Middle Eastern,Jewish and Islamic Civ./Ancient History and Archaeology",0,337,0
1358,TR548,"Middle Eastern,Jewish and Islamic Civilisations/Classical Civilisation",0,335,0
1359,TR554,"Middle Eastern,Jewish and Islamic Civilisations/History",0,529,0
1360,TR563,"Middle Eastern,Jewish and Islamic Civilisations/Modern Language",0,335,0
1361,TR564,"Middle Eastern,Jewish and Islamic Civilisations/Music",0,0,0
1362,TR565,"Middle Eastern,Jewish and Islamic Civilisations/Religion",0,342,0
1363,TR597,Mathematics/Modern Language,0,566,0
1364,TR598,Mathematics/Music,0,566,0
1365,TR599,Mathematics/Philosophy,0,566,0
1366,TR629,Music/Philosophy,0,499,0
1367,TR635,Music/Drama Studies,0,#473,0
1368,TR636,Music/Modern Language,0,388,0
1369,TR638,Music/Religion,0,388,0
1370,TR639,Philosophy/Modern Language,0,499,0
1371,TR662,Philosophy/Sociology,0,499,0
1372,TR663,Religion/Classical Civilisation,0,342,0
1373,TR664,Religion/English Literature,0,498,0
1374,TR665,Religion/History of Art and Architecture,0,342,0
1375,TR666,Religion/Modern Language,0,0,0
1376,TR667,French/Modern Language,0,403,0
1377,TR668,German/Modern Language,0,389,0
1378,TR669,Irish/Modern Language,0,368,0
1379,TR670,Italian/Modern Language,0,381,0
1380,TR671,Russian/Modern Language,0,332,0
1381,TR672,Spanish/Modern Language,0,336,0
1382,TR755,Sociology/Drama Studies,0,#498,0
1383,TR756,Sociology/Modern Language,0,498,0
1384,TR801,Dental Nursing,0,436,0
1385,TR802,Dental Hygiene,0,#543,0
1386,TR803,Dental Technology,0,#531,0
1387,TU601,Electronic Engineering,0,232,0
1388,TU602,Computer Engineering,0,223,0
1389,TU603,Mechanical Engineering,0,197,0
1390,TU641,Bar and Restaurant Management,0,223,0
1391,TU642,Culinary Arts,0,153,0
1392,TU643,Culinary Arts (Professional Cookery Practice),0,236,0
1393,TU644,Food Management and Entrepreneurship,0,223,0
1394,TU645,Food Science and Management,0,241,0
1395,TU651,Applied Biology,0,205,0
1396,TU652,Computing,0,194,0
1397,TU653,Computing (Information Technology),0,245,0
1398,TU654,Pharmacy Technician Studies,0,321,0
1399,TU655,Computing (Networking Technologies) Learn and Work,0,410,0
1400,TU671,Business,0,226,0
1401,TU672,Business (Common entry),0,180,0
1402,TU673,Business Management,0,300,0
1403,TU674,Business Studies,0,300,0
1404,TU675,Marketing,0,301,0
1405,TU676,Retail Management and Marketing,0,290,0
1406,TU701,Automation Engineering,0,260,0
1407,TU702,Biomedical Design,0,232,0
1408,TU703,Building Engineering,0,260,0
1409,TU704,Civil Engineering,0,262,0
1410,TU705,Electrical and Control Engineering,0,243,0
1411,TU706,Electrical Services Engineering,0,244,0
1412,TU707,Electronic Engineering,0,224,0
1413,TU708,Engineering (Common Entry with Award options),0,225,0
1414,TU709,Engineering (General Entry),0,370,0
1415,TU710,Engineering Reliability Management,0,244,0
1416,TU711,Mechatronic Engineering,0,223,0
1417,TU712,Sustainable Energy and Environmental Engineering,0,180,0
1418,TU713,Computer Engineering,0,221,0
1419,TU714,Electronics and Communications Engineering,0,264,0
1420,TU715,Engineering Software,0,181,0
1421,TU716,Networking Technology,0,241,0
1422,TU717,Mechanical Engineering,0,300,0
1423,TU718,Mechanical Engineering,0,198,0
1424,TU719,"Design,Technology and Innovation",0,228,0
1425,TU720,Automotive Management and Technology,0,232,0
1426,TU721,Aviation Technology,0,350,0
1427,TU722,Process Instrumentation and Automation Learn and Work,0,292,0
1428,TU731,"Auctioneering, Valuation and Estate Agency",0,290,0
1429,TU732,Timber Product Technology,0,253,0
1430,TU735,Sports Management and Coaching,0,270,0
1431,TU736,Sports Science and Health,0,410,0
1432,TU741,Baking and Pastry Arts Management,0,234,0
1433,TU742,Culinary Arts,0,155,0
1434,TU745,Hospitality Management,0,245,0
1435,TU746,International Hospitality and Tourism Management,0,170,0
1436,TU747,Tourism Management,0,242,0
1437,TU751,Biosciences,0,407,0
1438,TU752,DNA and Forensic Analysis,0,390,0
1439,TU754,Industrial and Environmental Physics,0,270,0
1440,TU755,Science (General Entry),0,361,0
1441,TU756,Computing,0,200,0
1442,TU757,Computing (Information Technology),0,225,0
1443,TU758,Digital Forensics and Cyber Security,0,220,0
1444,TU759,Information Technology Management,0,211,0
1445,TU760,Bioanalysis,0,204,0
1446,TU761,Ophthalmic Dispensing,0,302,0
1447,TU762,Medicinal Chemistry and Pharmaceutical Sciences,0,364,0
1448,TU763,Pharmaceutical Science,0,382,0
1449,TU771,Business,0,224,0
1450,TU772,Business (Common Entry with Award options),0,AQA,0
1451,TU774,Management,0,195,0
1452,TU775,Accounting and Finance,0,260,0
1453,TU776,Accounting and Finance,0,182,0
1454,TU777,Business and Information Technology,0,244,0
1455,TU778,International Business,0,224,0
1456,TU779,International Business,0,180,0
1457,TU780,Advertising and Marketing Communications,0,179,0
1458,TU781,Digital Marketing,0,220,0
1459,TU782,Digital Marketing,0,179,0
1460,TU783,Marketing,0,189,0
1461,TU791,Applied Social Studies in Social Care,0,320,0
1462,TU792,Community and Youth Development,0,101,0
1463,TU793,Early Childhood Care and Education,0,220,0
1464,TU794,Early Childhood Care and Education,0,390,0
1465,TU795,Visual Merchandising and Display,0,481,0
1466,TU796,Creative Digital Media,0,225,0
1467,TU803,Electronic Engineering,0,243,0
1468,TU806,Sustainable Energy Engineering,0,262,0
1469,TU808,Engineering Software,0,260,0
1470,TU809,Mechanical Engineering,0,235,0
1471,TU813,Automation Engineering,0,218,0
1472,TU873,Industrial Mathematics,0,250,0
1473,TU901,Business,0,270,0
1474,TU908,Management,0,262,0
1475,TU909,Accounting and Finance,0,285,0
1476,TU911,Accounting and Finance,0,209,0
1477,TU913,Business and Information Technology,0,252,0
1478,TU915,International Business,0,252,0
1479,TU916,International Business,0,235,0
1480,TU923,Marketing Management,0,228,0
1481,TU966,Languages and English Studies,0,366,0
1482,TU971,Contemporary Visual Culture,0,290,0
1483,TU972,Creative and Cultural Industries,0,281,0
1484,TU986,Print Media Technology and Management,0,289,0
1485,TU993,Early Childhood Care and Education,0,270,0
1486,TU994,Early Childhood Care and Education,0,321,0
1487,WD003,Business,0,AQA,0
1488,WD010,Electronic Engineering,0,181,0
1489,WD011,Mechanical Engineering,0,198,0
1490,WD013,Legal Studies,0,177,0
1491,WD018,Applied Social Care,0,171,0
1492,WD019,Recreation and Sport Management,0,174,0
1493,WD076,Forestry,0,243,0
1494,WD094,Architectural Technology,0,166,0
1495,WD096,Horticulture (Waterford - Kildalton),0,260,0
1496,WD097,Horticulture (Dublin - National Botanic Gardens),0,AQA,0
1497,WD126,Agriculture,0,327,0
1498,WD139,Civil Engineering,0,206,0
1499,WD149,Early Childhood Studies,0,271,288
1500,WD151,Software Systems Development,0,AQA,0
1501,WD153,Multimedia Applications Development,0,163,0
1502,WD155,Information Technology,0,211,0
1503,WD159,Business,0,195,0
1504,WD164,Food Science with Business,0,309,0
1505,WD172,Culinary Arts,0,AQA,0
1506,WD173,Hospitality Studies,0,AQA,0
1507,WD174,Tourism,0,AQA,0
1508,WD175,Pharmaceutical Science,0,226,0
1509,WD177,"Science (Mol. Biology with Biopharm.,Food Science with Business,Pharm.)",0,222,0
1510,WD182,Electrical Engineering,0,AQA,0
1511,WD184,Retail Management,0,163,0
1512,WD188,Applied Health Care,0,201,0
1513,WD205,Molecular Biology with Biopharmaceutical Science,0,228,0
1514,WD206,Electronic Engineering,0,179,0
1515,WD207,Mechanical Engineering,0,198,0
1516,WD208,Manufacturing Engineering,0,188,0
1517,AL853,Accounting and Law,0,0,305
1518,CW178,Sport Science (options),0,0,399
1519,CK116,Sports Studies and Physical Education,0,0,499
1520,CK502,Food Marketing and Entrepreneurship,0,0,433
1521,CK506,International Development and Food Policy,0,0,367
1522,DC005,Education - Primary Teaching - Irish Sign Language,0,0,316
1523,DC167,Physics with Astronomy,0,0,434
1524,DC171,Applied Physics,0,0,402
1525,DC173,Physics with Biomedical Sciences,0,0,402
1526,DT001,Product Design,0,0,433
1527,DT028,Transport Operations and Technology,0,0,279
1528,DT035,Electrical Services and Energy Management,0,0,293
1529,DT066,Engineering (General Entry),0,0,400
1530,DT101,Architecture (test and interview),0,0,618
1531,DT106,Planning and Environmental Management,0,0,312
1532,DT110,Property Economics (Valuation Surveying),0,0,367
1533,DT111,Quantity Surveying and Construction Economics,0,0,391
1534,DT112,Geographic Science,0,0,287
1535,DT117,Construction Management,0,0,356
1536,DT175,Architectural Technology,0,0,388
1537,DT201,Science (General Entry),0,0,464
1538,DT203,Analytical Chemistry (Environmental Forensic and Pharmaceutical),0,0,341
1539,DT204,Biomedical Science,0,0,501
1540,DT205,Mathematical Sciences,0,0,315
1541,DT206,Biomedical and Molecular Diagnostics,0,0,473
1542,DT211,Computer Science (Infrastructure),0,0,381
1543,DT220,Industrial Mathematics,0,0,300
1544,DT221,Physics with Energy and Environment,0,0,348
1545,DT222,Physics Technology,0,0,321
1546,DT223,Human Nutrition and Dietetics,0,0,553
1547,DT224,Optometry,0,0,487
1548,DT225,Public Health Nutrition,0,0,440
1549,DT227,Science with Nanotechnology,0,0,312
1550,DT228,Computer Science,0,0,451
1551,DT229,Clinical Measurement Science,0,0,491
1552,DT235,Physics with Medical Physics and Bioengineering,0,0,357
1553,DT282,Computer Science (International),0,0,377
1554,DT299,Chemical Sciences with Medicinal Chemistry,0,0,420
1555,DT302,Business Analytics,0,0,325
1556,DT304,E-Commerce in Retailing,0,0,341
1557,DT321,Business and Law,0,0,462
1558,DT341,Marketing,0,0,400
1559,DT343,Retail and Services Management,0,0,301
1560,DT354,Business Computing,0,0,322
1561,DT358,Logistics and Supply Chain Management,0,0,300
1562,DT365,Business and Management,0,0,440
1563,DT366,Accounting and Finance,0,0,432
1564,DT398,Human Resource Management,0,0,375
1565,DT399,Economics and Finance,0,0,437
1566,DT401,International Hospitality Management,0,0,300
1567,DT405,Culinary Science,0,0,308
1568,DT407,Culinary Arts,0,0,271
1569,DT412,Tourism Marketing,0,0,284
1570,DT413,Event Management,0,0,356
1571,DT416,Culinary Entrepreneurship,0,0,275
1572,DT420,Nutraceuticals in Health and Nutrition,0,0,392
1573,DT421,Food Innovation,0,0,321
1574,DT422,Pharmaceutical Healthcare,0,0,397
1575,DT491,Environmental Health,0,0,343
1576,DT501,Music,0,0,383
1577,DT504,Film and Broadcasting,0,0,443
1578,DT506,Commercial Modern Music,0,0,468
1579,DT508,Game Design,0,0,403
1580,DT517,Languages and English Studies,0,0,326
1581,DT518,Languages and International Tourism,0,0,307
1582,DT529,Drama (Performance),0,0,371
1583,DT532,Law (LL.B.),0,0,422
1584,DT533,Contemporary Visual Culture,0,0,0
1585,DT544,Interior Design,0,0,552
1586,DT545,Design - Visual Communication,0,0,667
1587,DT546,Fine Art,0,0,668
1588,DT555,International Business and Languages,0,0,353
1589,DT559,Photography,0,0,700
1590,DT571,Social Care,0,0,394
1591,DT572,Early Childhood Education,0,0,385
1592,DT582,Journalism,0,0,347
1593,DT596,Print Media Technology and Management,0,0,252
1594,DT597,Creative and Cultural Industries,0,0,280
1595,DL835,Creative Media Technologies,0,0,237
1596,GC405,International Hospitality Management (Dublin),0,0,254
1597,ID003,Business Studies with Chinese,0,0,0
1598,BN101,Business,0,0,252
1599,BN103,Business and Information Technology,0,0,254
1600,BN104,Computing (Information Technology),0,0,260
1601,BN107,Applied Social Studies in Social Care,0,0,300
1602,BN108,Engineering (Common Entry with Award options),0,0,271
1603,BN109,Business (Common Entry with Award options),0,0,260
1604,BN110,International Business,0,0,253
1605,BN111,Sports Management and Coaching,0,0,270
1606,BN112,Creative Digital Media,0,0,280
1607,BN113,Horticulture,0,0,289
1608,BN114,Accounting and Finance,0,0,280
1609,BN115,Community and Youth Development,0,0,250
1610,BN117,Computer Engineering in Mobile Systems,0,0,273
1611,BN118,Early Childhood Care and Education,0,0,290
1612,BN119,Digital Marketing,0,0,270
1613,BN120,Digital Forensics and Cyber Security,0,0,281
1614,BN121,Mechatronic Engineering,0,0,276
1615,BN123,"Design,Technology and Innovation",0,0,297
1616,TA022,Creative Digital Media,0,0,260
1617,TA023,Advertising and Marketing Communications,0,0,235
1618,TA024,Early Childhood Care and Education,0,0,217
1619,TA025,Social Care Practice,0,0,261
1620,TA026,International Hospitality and Tourism Management,0,0,208
1621,TA027,Botanical Cuisine,0,0,236
1622,TA028,Digital Marketing Technologies,0,0,220
1623,TA121,Accounting and Finance,0,0,202
1624,TA122,Management,0,0,218
1625,TA123,Marketing Management,0,0,207
1626,TA125,International Business,0,0,229
1627,TA221,Electronic Engineering,0,0,251
1628,TA222,Mechanical Engineering,0,0,243
1629,TA223,Sustainable Energy Engineering,0,0,236
1630,TA224,Biomedical Design,0,0,218
1631,TA225,Automation Engineering,0,0,235
1632,TA226,Engineering Software,0,0,243
1633,TA321,Pharmaceutical Science,0,0,261
1634,TA322,Computing,0,0,200
1635,TA323,Computing with IT Management,0,0,243
1636,TA326,DNA and Forensic Analysis,0,0,300
1637,TA327,Sports Science and Health,0,0,341
1638,TA328,Computing with Language (French/German/Spanish),0,0,218
1639,TA329,Computing with Data Analytics,0,0,218
1640,NC025,Data Science,0,0,297
1641,GA385,Retail Management,0,0,219
1642,LY218,Business - with Spanish/Irish options,0,0,298
1643,CI101,Counselling and Psychotherapy (Limerick),0,0,276
1644,LC411,Marketing and Management (Thurles),0,0,226
1645,SG149,Business in Finance and Investment,0,0,262
1646,SG441,Environmental Science,0,0,297
1647,SG446,Applied Archaeology,0,0,289
1648,TL803,Music Technology,0,0,264
1649,TL812,Computing with Digital Media,0,0,369
1650,WD148,Tourism Marketing,0,0,269
